Country,Ladder Score,Freedom,GDP,Life Expectancy,Generosity,Year,Regional indicator
Finland,7.842,0.949,10.775,72.0,-0.098,2021,Western Europe
Denmark,7.62,0.946,10.933,72.7,0.03,2021,Western Europe
Switzerland,7.571,0.919,11.117,74.4,0.025,2021,Western Europe
Iceland,7.554,0.955,10.878,73.0,0.16,2021,Western Europe
Netherlands,7.464,0.913,10.932,72.4,0.175,2021,Western Europe
Norway,7.392,0.96,11.053,73.3,0.093,2021,Western Europe
Sweden,7.363,0.945,10.867,72.7,0.086,2021,Western Europe
Luxembourg,7.324,0.907,11.647,72.6,-0.034,2021,Western Europe
New Zealand,7.277,0.929,10.643,73.4,0.134,2021,North America and ANZ
Austria,7.268,0.908,10.906,73.3,0.042,2021,Western Europe
Australia,7.183,0.914,10.796,73.9,0.159,2021,North America and ANZ
Israel,7.157,0.8,10.575,73.503,0.031,2021,Middle East and North Africa
Germany,7.155,0.875,10.873,72.5,0.011,2021,Western Europe
Canada,7.103,0.915,10.776,73.8,0.089,2021,North America and ANZ
Ireland,7.085,0.879,11.342,72.4,0.077,2021,Western Europe
Costa Rica,7.069,0.934,9.88,71.4,-0.126,2021,Latin America and Caribbean
United Kingdom,7.064,0.859,10.707,72.5,0.233,2021,Western Europe
Czech Republic,6.965,0.858,10.556,70.807,-0.208,2021,Central and Eastern Europe
United States,6.951,0.837,11.023,68.2,0.098,2021,North America and ANZ
Belgium,6.834,0.783,10.823,72.199,-0.153,2021,Western Europe
France,6.69,0.822,10.704,74.0,-0.147,2021,Western Europe
Bahrain,6.647,0.925,10.669,69.495,0.089,2021,Middle East and North Africa
Malta,6.602,0.927,10.674,72.2,0.133,2021,Western Europe
Taiwan Province of China,6.584,0.784,10.871,69.6,-0.07,2021,East Asia
United Arab Emirates,6.561,0.932,11.085,67.333,0.074,2021,Middle East and North Africa
Saudi Arabia,6.494,0.877,10.743,66.603,-0.149,2021,Middle East and North Africa
Spain,6.491,0.761,10.571,74.7,-0.081,2021,Western Europe
Italy,6.483,0.693,10.623,73.8,-0.084,2021,Western Europe
Slovenia,6.461,0.949,10.529,71.4,-0.101,2021,Central and Eastern Europe
Guatemala,6.435,0.906,9.053,64.958,-0.038,2021,Latin America and Caribbean
Uruguay,6.431,0.896,9.966,69.1,-0.092,2021,Latin America and Caribbean
Singapore,6.377,0.927,11.488,76.953,-0.018,2021,Southeast Asia
Kosovo,6.372,0.869,9.318,63.813,0.257,2021,Central and Eastern Europe
Slovakia,6.331,0.766,10.369,69.201,-0.124,2021,Central and Eastern Europe
Brazil,6.33,0.804,9.577,66.601,-0.071,2021,Latin America and Caribbean
Mexico,6.317,0.862,9.859,68.597,-0.147,2021,Latin America and Caribbean
Jamaica,6.309,0.89,9.186,67.5,-0.137,2021,Latin America and Caribbean
Lithuania,6.255,0.773,10.499,67.906,-0.203,2021,Central and Eastern Europe
Cyprus,6.223,0.763,10.576,73.898,-0.015,2021,Western Europe
Estonia,6.189,0.909,10.481,68.8,-0.106,2021,Central and Eastern Europe
Panama,6.18,0.872,10.35,69.652,-0.166,2021,Latin America and Caribbean
Uzbekistan,6.179,0.97,8.836,65.255,0.311,2021,Commonwealth of Independent States
Chile,6.172,0.742,10.071,70.0,-0.044,2021,Latin America and Caribbean
Poland,6.166,0.841,10.382,69.702,-0.165,2021,Central and Eastern Europe
Kazakhstan,6.152,0.853,10.155,65.2,-0.069,2021,Commonwealth of Independent States
Romania,6.14,0.845,10.284,67.355,-0.219,2021,Central and Eastern Europe
Kuwait,6.106,0.867,10.817,66.9,-0.104,2021,Middle East and North Africa
Serbia,6.078,0.778,9.787,68.6,0.002,2021,Central and Eastern Europe
El Salvador,6.061,0.888,9.054,66.402,-0.11,2021,Latin America and Caribbean
Mauritius,6.049,0.867,10.008,66.701,-0.054,2021,Sub-Saharan Africa
Latvia,6.032,0.715,10.315,67.1,-0.162,2021,Central and Eastern Europe
Colombia,6.012,0.837,9.557,68.001,-0.135,2021,Latin America and Caribbean
Hungary,5.992,0.755,10.358,68.0,-0.186,2021,Central and Eastern Europe
Thailand,5.985,0.884,9.805,67.401,0.287,2021,Southeast Asia
Nicaragua,5.972,0.836,8.62,67.657,0.02,2021,Latin America and Caribbean
Japan,5.94,0.796,10.611,75.1,-0.258,2021,East Asia
Argentina,5.929,0.828,9.962,69.0,-0.182,2021,Latin America and Caribbean
Portugal,5.929,0.892,10.421,72.6,-0.244,2021,Western Europe
Honduras,5.919,0.857,8.648,67.3,0.081,2021,Latin America and Caribbean
Croatia,5.882,0.754,10.217,70.799,-0.118,2021,Central and Eastern Europe
Philippines,5.88,0.917,9.076,62.0,-0.097,2021,Southeast Asia
South Korea,5.845,0.672,10.651,73.9,-0.083,2021,East Asia
Peru,5.84,0.822,9.458,68.25,-0.154,2021,Latin America and Caribbean
Bosnia and Herzegovina,5.813,0.706,9.59,68.098,0.113,2021,Central and Eastern Europe
Moldova,5.766,0.822,9.454,65.699,-0.079,2021,Commonwealth of Independent States
Ecuador,5.764,0.842,9.313,68.8,-0.124,2021,Latin America and Caribbean
Kyrgyzstan,5.744,0.935,8.538,64.401,0.119,2021,Commonwealth of Independent States
Greece,5.723,0.582,10.279,72.6,-0.288,2021,Western Europe
Bolivia,5.716,0.875,9.046,63.901,-0.077,2021,Latin America and Caribbean
Mongolia,5.677,0.708,9.4,62.5,0.116,2021,East Asia
Paraguay,5.653,0.876,9.448,65.9,0.028,2021,Latin America and Caribbean
Montenegro,5.581,0.708,9.94,68.699,-0.034,2021,Central and Eastern Europe
Dominican Republic,5.545,0.86,9.802,66.102,-0.133,2021,Latin America and Caribbean
North Cyprus,5.536,0.795,10.576,73.898,0.012,2021,Western Europe
Belarus,5.534,0.65,9.853,66.253,-0.18,2021,Commonwealth of Independent States
Russia,5.477,0.718,10.189,64.703,-0.111,2021,Commonwealth of Independent States
Hong Kong S.A.R. of China,5.477,0.717,11.0,76.82,0.067,2021,East Asia
Tajikistan,5.466,0.832,8.091,64.281,-0.056,2021,Commonwealth of Independent States
Vietnam,5.411,0.94,8.973,68.034,-0.098,2021,Southeast Asia
Libya,5.41,0.771,9.622,62.3,-0.087,2021,Middle East and North Africa
Malaysia,5.384,0.895,10.238,67.102,0.125,2021,Southeast Asia
Indonesia,5.345,0.873,9.365,62.236,0.542,2021,Southeast Asia
Congo (Brazzaville),5.342,0.695,8.117,58.221,-0.068,2021,Sub-Saharan Africa
China,5.339,0.904,9.673,69.593,-0.146,2021,East Asia
Ivory Coast,5.306,0.741,8.551,50.114,-0.016,2021,Sub-Saharan Africa
Armenia,5.283,0.825,9.487,67.055,-0.168,2021,Commonwealth of Independent States
Nepal,5.269,0.782,8.12,64.233,0.152,2021,South Asia
Bulgaria,5.266,0.788,10.016,67.0,-0.096,2021,Central and Eastern Europe
Maldives,5.198,0.854,9.826,70.6,0.024,2021,South Asia
Azerbaijan,5.171,0.814,9.569,65.656,-0.223,2021,Commonwealth of Independent States
Cameroon,5.142,0.731,8.189,53.515,0.026,2021,Sub-Saharan Africa
Senegal,5.132,0.695,8.118,59.802,-0.046,2021,Sub-Saharan Africa
Albania,5.117,0.785,9.52,68.999,-0.03,2021,Central and Eastern Europe
North Macedonia,5.101,0.751,9.693,65.474,0.038,2021,Central and Eastern Europe
Ghana,5.088,0.807,8.58,57.586,0.123,2021,Sub-Saharan Africa
Niger,5.074,0.806,7.098,53.78,0.018,2021,Sub-Saharan Africa
Turkmenistan,5.066,0.877,9.629,62.409,0.273,2021,Commonwealth of Independent States
Gambia,5.051,0.697,7.686,55.16,0.424,2021,Sub-Saharan Africa
Benin,5.045,0.757,8.087,54.713,-0.034,2021,Sub-Saharan Africa
Laos,5.03,0.91,8.947,58.968,0.123,2021,Southeast Asia
Bangladesh,5.025,0.877,8.454,64.8,-0.041,2021,South Asia
Guinea,4.984,0.697,7.838,55.008,0.095,2021,Sub-Saharan Africa
South Africa,4.956,0.749,9.403,56.904,-0.067,2021,Sub-Saharan Africa
Turkey,4.948,0.576,10.24,67.199,-0.139,2021,Middle East and North Africa
Pakistan,4.934,0.726,8.458,58.709,0.098,2021,South Asia
Morocco,4.918,0.774,8.903,66.208,-0.236,2021,Middle East and North Africa
Venezuela,4.892,0.615,9.073,66.7,-0.169,2021,Latin America and Caribbean
Georgia,4.891,0.783,9.585,64.3,-0.238,2021,Commonwealth of Independent States
Algeria,4.887,0.48,9.342,66.005,-0.067,2021,Middle East and North Africa
Ukraine,4.875,0.724,9.436,64.902,-0.011,2021,Commonwealth of Independent States
Iraq,4.854,0.63,9.24,60.583,-0.053,2021,Middle East and North Africa
Gabon,4.852,0.731,9.603,59.962,-0.2,2021,Sub-Saharan Africa
Burkina Faso,4.834,0.695,7.678,54.151,-0.009,2021,Sub-Saharan Africa
Cambodia,4.83,0.959,8.36,62.0,0.034,2021,Southeast Asia
Mozambique,4.794,0.882,7.158,54.706,0.061,2021,Sub-Saharan Africa
Nigeria,4.759,0.737,8.533,50.102,0.037,2021,Sub-Saharan Africa
Mali,4.723,0.697,7.744,51.969,-0.036,2021,Sub-Saharan Africa
Iran,4.721,0.608,9.584,66.3,0.218,2021,Middle East and North Africa
Uganda,4.636,0.709,7.677,56.101,0.122,2021,Sub-Saharan Africa
Liberia,4.625,0.735,7.288,56.498,0.05,2021,Sub-Saharan Africa
Kenya,4.607,0.779,8.361,60.704,0.287,2021,Sub-Saharan Africa
Tunisia,4.596,0.656,9.266,67.201,-0.201,2021,Middle East and North Africa
Lebanon,4.584,0.525,9.626,67.355,-0.073,2021,Middle East and North Africa
Namibia,4.574,0.719,9.161,56.799,-0.149,2021,Sub-Saharan Africa
Palestinian Territories,4.517,0.653,8.485,62.25,-0.163,2021,Middle East and North Africa
Myanmar,4.426,0.876,8.541,59.302,0.509,2021,Southeast Asia
Jordan,4.395,0.755,9.182,67.0,-0.167,2021,Middle East and North Africa
Chad,4.355,0.579,7.364,48.478,0.041,2021,Sub-Saharan Africa
Sri Lanka,4.325,0.841,9.47,67.299,0.079,2021,South Asia
Swaziland,4.308,0.647,9.065,50.833,-0.185,2021,Sub-Saharan Africa
Comoros,4.289,0.548,8.031,57.349,0.082,2021,Sub-Saharan Africa
Egypt,4.283,0.749,9.367,61.998,-0.182,2021,Middle East and North Africa
Ethiopia,4.275,0.752,7.694,59.0,0.082,2021,Sub-Saharan Africa
Mauritania,4.227,0.561,8.542,57.161,-0.106,2021,Sub-Saharan Africa
Madagascar,4.208,0.552,7.396,59.305,-0.005,2021,Sub-Saharan Africa
Togo,4.107,0.619,7.362,54.914,0.032,2021,Sub-Saharan Africa
Zambia,4.073,0.782,8.145,55.809,0.061,2021,Sub-Saharan Africa
Sierra Leone,3.849,0.717,7.434,51.651,0.084,2021,Sub-Saharan Africa
India,3.819,0.893,8.755,60.633,0.089,2021,South Asia
Burundi,3.775,0.626,6.635,53.4,-0.024,2021,Sub-Saharan Africa
Yemen,3.658,0.602,7.578,57.122,-0.147,2021,Middle East and North Africa
Tanzania,3.623,0.833,7.876,57.999,0.183,2021,Sub-Saharan Africa
Haiti,3.615,0.593,7.477,55.7,0.422,2021,Latin America and Caribbean
Malawi,3.6,0.78,6.958,57.948,0.038,2021,Sub-Saharan Africa
Lesotho,3.512,0.715,7.926,48.7,-0.131,2021,Sub-Saharan Africa
Botswana,3.467,0.824,9.782,59.269,-0.246,2021,Sub-Saharan Africa
Rwanda,3.415,0.897,7.676,61.4,0.061,2021,Sub-Saharan Africa
Zimbabwe,3.145,0.677,7.943,56.201,-0.047,2021,Sub-Saharan Africa
Afghanistan,2.523,0.382,7.695,52.493,-0.102,2021,South Asia
Norway,7.537000179,0.635422587,1.616463184,0.796666503,0.362012237,2017,Western Europe
Denmark,7.521999836,0.626006722,1.482383013,0.792565525,0.355280489,2017,Western Europe
Iceland,7.504000187,0.627162635,1.48063302,0.833552122,0.475540221,2017,Western Europe
Switzerland,7.493999958,0.620070577,1.564979553,0.858131289,0.290549278,2017,Western Europe
Finland,7.468999863,0.617950857,1.443571925,0.80915767,0.245482773,2017,Western Europe
Netherlands,7.376999855,0.585384488,1.503944635,0.810696125,0.47048983,2017,Western Europe
Canada,7.315999985,0.611100912,1.479204416,0.834557652,0.435539722,2017,North America and ANZ
New Zealand,7.31400013,0.61406213,1.405706048,0.816759706,0.500005126,2017,North America and ANZ
Sweden,7.28399992,0.612924099,1.494387269,0.830875158,0.385399252,2017,Western Europe
Australia,7.28399992,0.601607382,1.484414935,0.843886793,0.47769925,2017,North America and ANZ
Israel,7.212999821,0.405988604,1.375382423,0.838404,0.330082655,2017,Middle East and North Africa
Costa Rica,7.078999996,0.58013165,1.109706283,0.759509265,0.214613229,2017,Latin America and Caribbean
Austria,7.006000042,0.56776619,1.487097263,0.815328419,0.316472322,2017,Western Europe
United States,6.993000031,0.505740523,1.546259284,0.774286628,0.392578781,2017,North America and ANZ
Ireland,6.977000237,0.573110342,1.535706639,0.809782624,0.427858323,2017,Western Europe
Germany,6.951000214,0.562511384,1.487923384,0.798950732,0.33626917,2017,Western Europe
Belgium,6.890999794,0.539770722,1.463780761,0.818091869,0.231503338,2017,Western Europe
Luxembourg,6.862999916,0.596627891,1.741943598,0.845089495,0.283180982,2017,Western Europe
United Kingdom,6.714000225,0.508190036,1.44163394,0.805335939,0.492774159,2017,Western Europe
Chile,6.65199995,0.376895279,1.25278461,0.819479704,0.326662421,2017,Latin America and Caribbean
United Arab Emirates,6.647999763,0.60834527,1.626343369,0.726798236,0.360941947,2017,Middle East and North Africa
Brazil,6.635000229,0.437453747,1.10735321,0.616552353,0.162349895,2017,Latin America and Caribbean
Czech Republic,6.609000206,0.490946174,1.352682352,0.754444003,0.088106759,2017,Central and Eastern Europe
Argentina,6.598999977,0.494519204,1.185295463,0.695137084,0.109457061,2017,Latin America and Caribbean
Mexico,6.578000069,0.412730008,1.153183818,0.709978998,0.120990433,2017,Latin America and Caribbean
Singapore,6.572000027,0.549840569,1.69227767,0.949492395,0.345965981,2017,Southeast Asia
Malta,6.52699995,0.588767052,1.343279839,0.821944237,0.574730575,2017,Western Europe
Uruguay,6.453999996,0.579392254,1.217559695,0.719216824,0.175096929,2017,Latin America and Caribbean
Guatemala,6.453999996,0.531310618,0.872001946,0.54023999,0.283488393,2017,Latin America and Caribbean
Panama,6.452000141,0.550026834,1.233748436,0.706156135,0.210556939,2017,Latin America and Caribbean
France,6.441999912,0.470222116,1.430923462,0.844465852,0.129762307,2017,Western Europe
Thailand,6.423999786,0.580200732,1.127868772,0.647239029,0.57212311,2017,Southeast Asia
Taiwan Province of China,6.421999931,0.361466587,1.433626533,0.793984234,0.258360475,2017,East Asia
Spain,6.402999878,0.40878123,1.384397864,0.8889606,0.190133572,2017,Western Europe
Qatar,6.375,0.604130983,1.870765686,0.710098088,0.33047387,2017,
Colombia,6.356999874,0.477487415,1.070622325,0.595027924,0.149014473,2017,Latin America and Caribbean
Saudi Arabia,6.343999863,0.449750572,1.530623555,0.59014833,0.147616014,2017,Middle East and North Africa
Trinidad and Tobago,6.168000221,0.518630743,1.361355901,0.519983292,0.325296462,2017,
Kuwait,6.105000019,0.496337593,1.632952452,0.632105708,0.228289798,2017,Middle East and North Africa
Slovakia,6.09800005,0.295817465,1.325393558,0.712732911,0.136544481,2017,Central and Eastern Europe
Bahrain,6.086999893,0.536746919,1.488412261,0.653133035,0.172668487,2017,Middle East and North Africa
Malaysia,6.084000111,0.402264982,1.29121542,0.618784428,0.41660893,2017,Southeast Asia
Nicaragua,6.071000099,0.447551847,0.737299204,0.653095961,0.301674217,2017,Latin America and Caribbean
Ecuador,6.007999897,0.455198199,1.000820398,0.685636222,0.150112465,2017,Latin America and Caribbean
El Salvador,6.002999783,0.43245253,0.909784496,0.596018553,0.078257985,2017,Latin America and Caribbean
Poland,5.97300005,0.520342112,1.291787863,0.699475348,0.158465967,2017,Central and Eastern Europe
Uzbekistan,5.971000195,0.658248663,0.786441088,0.498272628,0.415983647,2017,Commonwealth of Independent States
Italy,5.964000225,0.256450713,1.395066619,0.853144348,0.172789648,2017,Western Europe
Russia,5.962999821,0.373783112,1.281778097,0.547349334,0.052263822,2017,Commonwealth of Independent States
Belize,5.955999851,0.547509372,0.907975316,0.450191766,0.240015641,2017,
Japan,5.920000076,0.505625546,1.416915178,0.913475871,0.120572768,2017,East Asia
Lithuania,5.90199995,0.234231785,1.314582348,0.62894994,0.010164657,2017,Central and Eastern Europe
Algeria,5.872000217,0.233335808,1.091864467,0.617584646,0.069436647,2017,Middle East and North Africa
Latvia,5.849999905,0.325707912,1.260748625,0.638566971,0.153074786,2017,Central and Eastern Europe
South Korea,5.837999821,0.257921666,1.401678443,0.900214076,0.206674367,2017,East Asia
Moldova,5.837999821,0.240729049,0.72887063,0.589465201,0.208779126,2017,Commonwealth of Independent States
Romania,5.824999809,0.457003742,1.217683911,0.685158312,0.133519918,2017,Central and Eastern Europe
Bolivia,5.822999954,0.558732927,0.833756566,0.47363025,0.225560725,2017,Latin America and Caribbean
Turkmenistan,5.822000027,0.418271929,1.130776763,0.43772608,0.249924988,2017,Commonwealth of Independent States
Kazakhstan,5.818999767,0.437454283,1.28455627,0.606041551,0.201964423,2017,Commonwealth of Independent States
North Cyprus,5.809999943,0.471203625,1.346911311,0.834647238,0.266845703,2017,Western Europe
Slovenia,5.757999897,0.572575808,1.341205955,0.790828228,0.242649093,2017,Central and Eastern Europe
Peru,5.715000153,0.450002879,1.035225272,0.630166113,0.126819715,2017,Latin America and Caribbean
Mauritius,5.629000187,0.491247326,1.189395547,0.638007462,0.360933751,2017,Sub-Saharan Africa
Cyprus,5.620999813,0.355111539,1.355938077,0.844714701,0.271254301,2017,Western Europe
Estonia,5.611000061,0.47913143,1.32087934,0.695168316,0.098890811,2017,Central and Eastern Europe
Belarus,5.568999767,0.295400262,1.15655756,0.637714267,0.155137509,2017,Commonwealth of Independent States
Libya,5.525000095,0.46573323,1.101803064,0.52016902,0.152073666,2017,Middle East and North Africa
Turkey,5.5,0.3007406,1.198274374,0.637605608,0.046693042,2017,Middle East and North Africa
Paraguay,5.493000031,0.473507792,0.932537317,0.579250693,0.224150658,2017,Latin America and Caribbean
"Hong Kong S.A.R., China",5.472000122,0.490968645,1.551674843,0.943062425,0.374465793,2017,
Philippines,5.429999828,0.585214674,0.857699215,0.468009055,0.193513423,2017,Southeast Asia
Serbia,5.394999981,0.208715528,1.069317579,0.650784671,0.220125884,2017,Central and Eastern Europe
Jordan,5.335999966,0.418421149,0.991012394,0.604590058,0.17217046,2017,Middle East and North Africa
Hungary,5.323999882,0.175863519,1.286011934,0.687763453,0.078401662,2017,Central and Eastern Europe
Jamaica,5.31099987,0.474307239,0.925579309,0.641022384,0.233818337,2017,Latin America and Caribbean
Croatia,5.293000221,0.255772293,1.222556233,0.701288521,0.248002976,2017,Central and Eastern Europe
Kosovo,5.278999805,0.260287941,0.951484382,0.54145205,0.319931448,2017,Central and Eastern Europe
China,5.272999763,0.472787708,1.081165791,0.741415501,0.028806841,2017,East Asia
Pakistan,5.269000053,0.235215262,0.726883531,0.402047783,0.315446019,2017,South Asia
Indonesia,5.262000084,0.443323463,0.995538592,0.492345721,0.611704588,2017,Southeast Asia
Venezuela,5.25,0.153997123,1.128431201,0.617144227,0.06501963,2017,Latin America and Caribbean
Montenegro,5.236999989,0.194989055,1.121129036,0.667464674,0.197911024,2017,Central and Eastern Europe
Morocco,5.235000134,0.408158332,0.878114581,0.597710669,0.032209955,2017,Middle East and North Africa
Azerbaijan,5.234000206,0.398155838,1.153601766,0.540775776,0.04526934,2017,Commonwealth of Independent States
Dominican Republic,5.230000019,0.552589834,1.079373837,0.574873745,0.18696785,2017,Latin America and Caribbean
Greece,5.227000237,0.095731251,1.289487481,0.810198903,0.0,2017,Western Europe
Lebanon,5.224999905,0.288515985,1.074987531,0.735081077,0.264450759,2017,Middle East and North Africa
Portugal,5.195000172,0.4984653,1.315175295,0.795843542,0.095102713,2017,Western Europe
Bosnia and Herzegovina,5.18200016,0.204403177,0.982409418,0.705186307,0.328867495,2017,Central and Eastern Europe
Honduras,5.181000233,0.34807986,0.730573118,0.58256948,0.236188874,2017,Latin America and Caribbean
Macedonia,5.175000191,0.325905979,1.064577937,0.644948184,0.253760964,2017,
Somalia,5.151000023,0.602126956,0.022643184,0.113989137,0.291631311,2017,
Vietnam,5.073999882,0.571055591,0.788547575,0.652168989,0.234968051,2017,Southeast Asia
Nigeria,5.073999882,0.394952565,0.783756256,0.05691573,0.230947196,2017,Sub-Saharan Africa
Tajikistan,5.040999889,0.471566707,0.524713635,0.529235125,0.248997644,2017,Commonwealth of Independent States
Bhutan,5.011000156,0.501537681,0.885416389,0.495879292,0.474054545,2017,
Kyrgyzstan,5.004000187,0.454943389,0.596220076,0.553457797,0.428580374,2017,Commonwealth of Independent States
Nepal,4.961999893,0.440305948,0.479820192,0.504130781,0.394096166,2017,South Asia
Mongolia,4.954999924,0.394143969,1.027235866,0.557783484,0.33846423,2017,East Asia
South Africa,4.828999996,0.479246736,1.054698706,0.18708007,0.13936238,2017,Sub-Saharan Africa
Tunisia,4.804999828,0.28968069,1.007265806,0.613212049,0.049693357,2017,Middle East and North Africa
Palestinian Territories,4.775000095,0.254711062,0.716249228,0.565666974,0.114173174,2017,Middle East and North Africa
Egypt,4.735000134,0.282110155,0.989701807,0.520187259,0.128631443,2017,Middle East and North Africa
Bulgaria,4.714000225,0.289231718,1.161459088,0.70821768,0.113177694,2017,Central and Eastern Europe
Sierra Leone,4.709000111,0.318697691,0.368420929,0.005564754,0.293040901,2017,Sub-Saharan Africa
Cameroon,4.695000172,0.430388749,0.564305365,0.132892117,0.236298457,2017,Sub-Saharan Africa
Iran,4.691999912,0.249322608,1.156873107,0.639333189,0.387242913,2017,Middle East and North Africa
Albania,4.644000053,0.381498635,0.996192753,0.731159747,0.201312944,2017,Central and Eastern Europe
Bangladesh,4.607999802,0.478356659,0.586682975,0.533241034,0.172255352,2017,South Asia
Namibia,4.573999882,0.520303547,0.964434326,0.338611811,0.077133745,2017,Sub-Saharan Africa
Kenya,4.552999973,0.452763766,0.560479462,0.30998835,0.444860309,2017,Sub-Saharan Africa
Mozambique,4.550000191,0.480791092,0.23430565,0.106654435,0.322228104,2017,Sub-Saharan Africa
Myanmar,4.545000076,0.514492035,0.36711055,0.397522569,0.838075161,2017,Southeast Asia
Senegal,4.534999847,0.377922267,0.479309022,0.409362853,0.183468893,2017,Sub-Saharan Africa
Zambia,4.513999939,0.461603492,0.636406779,0.257835895,0.249580145,2017,Sub-Saharan Africa
Iraq,4.497000217,0.288555533,1.102710485,0.50118047,0.199637264,2017,Middle East and North Africa
Gabon,4.465000153,0.312328577,1.198210239,0.356578588,0.043785378,2017,Sub-Saharan Africa
Ethiopia,4.460000038,0.408842742,0.339233845,0.353409708,0.31265074,2017,Sub-Saharan Africa
Sri Lanka,4.440000057,0.561213255,1.009850144,0.625130832,0.490863562,2017,South Asia
Armenia,4.375999928,0.198303267,0.900596738,0.637524426,0.083488092,2017,Commonwealth of Independent States
India,4.315000057,0.469987005,0.792221248,0.455427617,0.231538489,2017,South Asia
Mauritania,4.291999817,0.096098043,0.648457289,0.28534928,0.201870024,2017,Sub-Saharan Africa
Congo (Brazzaville),4.290999889,0.435025871,0.808964252,0.289957434,0.120852128,2017,Sub-Saharan Africa
Georgia,4.285999775,0.309410036,0.950612664,0.649546981,0.054008815,2017,Commonwealth of Independent States
Congo (Kinshasa),4.28000021,0.235961348,0.092102349,0.191407025,0.246455833,2017,
Mali,4.190000057,0.306613743,0.476180494,0.169365674,0.183354199,2017,Sub-Saharan Africa
Ivory Coast,4.179999828,0.447706193,0.603048921,0.04864217,0.20123747,2017,Sub-Saharan Africa
Cambodia,4.168000221,0.633375823,0.601765096,0.429783404,0.385922968,2017,Southeast Asia
Sudan,4.138999939,0.014995855,0.659516692,0.290920824,0.182317451,2017,
Ghana,4.119999886,0.423026294,0.667224824,0.295637727,0.256923944,2017,Sub-Saharan Africa
Ukraine,4.096000195,0.122974776,0.894651949,0.575903952,0.270061463,2017,Commonwealth of Independent States
Uganda,4.080999851,0.443185955,0.381430715,0.217632607,0.325766057,2017,Sub-Saharan Africa
Burkina Faso,4.032000065,0.324367851,0.350227714,0.215844259,0.250864685,2017,Sub-Saharan Africa
Niger,4.027999878,0.363658696,0.161925331,0.268505007,0.228673846,2017,Sub-Saharan Africa
Malawi,3.970000029,0.466914654,0.233442038,0.315089583,0.28717047,2017,Sub-Saharan Africa
Chad,3.936000109,0.162342027,0.438012987,0.041134715,0.21611385,2017,Sub-Saharan Africa
Zimbabwe,3.875,0.336384207,0.375846535,0.196763754,0.189143494,2017,Sub-Saharan Africa
Lesotho,3.808000088,0.390661299,0.521021247,0.0,0.157497272,2017,Sub-Saharan Africa
Angola,3.795000076,0.0,0.85842818,0.049868666,0.09792649,2017,
Afghanistan,3.79399991,0.10617952,0.401477218,0.180746779,0.311870933,2017,South Asia
Botswana,3.766000032,0.505196333,1.122094154,0.341755509,0.099348448,2017,Sub-Saharan Africa
Benin,3.657000065,0.425962776,0.431085408,0.209930211,0.207948461,2017,Sub-Saharan Africa
Madagascar,3.644000053,0.189196765,0.305808693,0.375223309,0.20873253,2017,Sub-Saharan Africa
Haiti,3.602999926,0.030369857,0.368610263,0.27732113,0.489203781,2017,Latin America and Caribbean
Yemen,3.592999935,0.249463722,0.591683447,0.310080916,0.104125209,2017,Middle East and North Africa
South Sudan,3.59100008,0.147062436,0.397248626,0.163486004,0.285670817,2017,
Liberia,3.532999992,0.332881182,0.119041793,0.229918197,0.266549885,2017,Sub-Saharan Africa
Guinea,3.506999969,0.348587513,0.24454993,0.194129139,0.264815092,2017,Sub-Saharan Africa
Togo,3.494999886,0.380426139,0.305444717,0.247105569,0.196896151,2017,Sub-Saharan Africa
Rwanda,3.470999956,0.581843853,0.368745893,0.326424807,0.252756029,2017,Sub-Saharan Africa
Syria,3.461999893,0.081539445,0.777153134,0.500533342,0.493663728,2017,
Tanzania,3.348999977,0.390017778,0.511135876,0.364509284,0.354256362,2017,Sub-Saharan Africa
Burundi,2.904999971,0.059900753,0.091622569,0.151610792,0.204435185,2017,Sub-Saharan Africa
Central African Republic,2.693000078,0.270842046,0.0,0.018772686,0.280876487,2017,
Finland,7.632,0.681,1.305,0.874,0.202,2018,Western Europe
Norway,7.594,0.686,1.456,0.861,0.286,2018,Western Europe
Denmark,7.555,0.683,1.351,0.868,0.284,2018,Western Europe
Iceland,7.495,0.677,1.343,0.914,0.353,2018,Western Europe
Switzerland,7.487,0.66,1.42,0.927,0.256,2018,Western Europe
Netherlands,7.441,0.638,1.361,0.878,0.333,2018,Western Europe
Canada,7.328,0.653,1.33,0.896,0.321,2018,North America and ANZ
New Zealand,7.324,0.669,1.268,0.876,0.365,2018,North America and ANZ
Sweden,7.314,0.659,1.355,0.913,0.285,2018,Western Europe
Australia,7.272,0.647,1.34,0.91,0.361,2018,North America and ANZ
United Kingdom,7.19,0.464,1.244,0.888,0.262,2018,Western Europe
Austria,7.139,0.617,1.341,0.891,0.242,2018,Western Europe
Costa Rica,7.072,0.632,1.01,0.817,0.143,2018,Latin America and Caribbean
Ireland,6.977,0.614,1.448,0.876,0.307,2018,Western Europe
Germany,6.965,0.586,1.34,0.861,0.273,2018,Western Europe
Belgium,6.927,0.583,1.324,0.894,0.188,2018,Western Europe
Luxembourg,6.91,0.632,1.576,0.896,0.196,2018,Western Europe
United States,6.886,0.547,1.398,0.819,0.291,2018,North America and ANZ
Israel,6.814,0.533,1.301,0.883,0.354,2018,Middle East and North Africa
United Arab Emirates,6.774,0.284,2.096,0.67,0.186,2018,Middle East and North Africa
Czech Republic,6.711,0.543,1.233,0.854,0.064,2018,Central and Eastern Europe
Malta,6.627,0.645,1.27,0.884,0.376,2018,Western Europe
France,6.489,0.52,1.293,0.908,0.098,2018,Western Europe
Mexico,6.488,0.479,1.038,0.761,0.069,2018,Latin America and Caribbean
Chile,6.476,0.431,1.131,0.808,0.197,2018,Latin America and Caribbean
Taiwan,6.441,0.418,1.365,0.857,0.151,2018,
Panama,6.43,0.597,1.112,0.759,0.125,2018,Latin America and Caribbean
Brazil,6.419,0.493,0.986,0.675,0.11,2018,Latin America and Caribbean
Argentina,6.388,0.57,1.073,0.744,0.062,2018,Latin America and Caribbean
Guatemala,6.382,0.604,0.781,0.608,0.179,2018,Latin America and Caribbean
Uruguay,6.379,0.625,1.093,0.771,0.13,2018,Latin America and Caribbean
Qatar,6.374,0.654,1.649,0.748,0.256,2018,
Saudi Arabia,6.371,0.509,1.379,0.633,0.098,2018,Middle East and North Africa
Singapore,6.343,0.631,1.529,1.008,0.261,2018,Southeast Asia
Malaysia,6.322,0.356,1.161,0.669,0.311,2018,Southeast Asia
Spain,6.31,0.449,1.251,0.965,0.142,2018,Western Europe
Colombia,6.26,0.531,0.96,0.635,0.099,2018,Latin America and Caribbean
Trinidad & Tobago,6.192,0.575,1.223,0.564,0.171,2018,
Slovakia,6.173,0.354,1.21,0.776,0.118,2018,Central and Eastern Europe
El Salvador,6.167,0.461,0.806,0.639,0.065,2018,Latin America and Caribbean
Nicaragua,6.141,0.527,0.668,0.7,0.208,2018,Latin America and Caribbean
Poland,6.123,0.546,1.176,0.781,0.108,2018,Central and Eastern Europe
Bahrain,6.105,0.594,1.338,0.698,0.243,2018,Middle East and North Africa
Uzbekistan,6.096,0.724,0.719,0.605,0.328,2018,Commonwealth of Independent States
Kuwait,6.083,0.554,1.474,0.675,0.167,2018,Middle East and North Africa
Thailand,6.072,0.637,1.016,0.707,0.364,2018,Southeast Asia
Italy,6.0,0.281,1.264,0.946,0.137,2018,Western Europe
Ecuador,5.973,0.556,0.889,0.736,0.114,2018,Latin America and Caribbean
Belize,5.956,0.593,0.807,0.474,0.183,2018,
Lithuania,5.952,0.35,1.197,0.716,0.026,2018,Central and Eastern Europe
Slovenia,5.948,0.633,1.219,0.856,0.16,2018,Central and Eastern Europe
Romania,5.945,0.528,1.116,0.726,0.088,2018,Central and Eastern Europe
Latvia,5.933,0.363,1.148,0.671,0.092,2018,Central and Eastern Europe
Japan,5.915,0.553,1.294,0.988,0.079,2018,East Asia
Mauritius,5.891,0.584,1.09,0.684,0.245,2018,Sub-Saharan Africa
Jamaica,5.89,0.575,0.819,0.693,0.096,2018,Latin America and Caribbean
South Korea,5.875,0.244,1.266,0.955,0.175,2018,East Asia
Northern Cyprus,5.835,0.495,1.229,0.909,0.179,2018,
Russia,5.81,0.399,1.151,0.599,0.065,2018,Commonwealth of Independent States
Kazakhstan,5.79,0.454,1.143,0.631,0.148,2018,Commonwealth of Independent States
Cyprus,5.762,0.423,1.229,0.909,0.202,2018,Western Europe
Bolivia,5.752,0.606,0.751,0.508,0.141,2018,Latin America and Caribbean
Estonia,5.739,0.553,1.2,0.737,0.086,2018,Central and Eastern Europe
Paraguay,5.681,0.541,0.835,0.615,0.162,2018,Latin America and Caribbean
Peru,5.663,0.53,0.934,0.674,0.092,2018,Latin America and Caribbean
Kosovo,5.662,0.448,0.855,0.578,0.274,2018,Central and Eastern Europe
Moldova,5.64,0.232,0.657,0.62,0.171,2018,Commonwealth of Independent States
Turkmenistan,5.636,0.417,1.016,0.517,0.199,2018,Commonwealth of Independent States
Hungary,5.62,0.259,1.171,0.732,0.061,2018,Central and Eastern Europe
Libya,5.566,0.496,0.985,0.553,0.116,2018,Middle East and North Africa
Philippines,5.524,0.643,0.775,0.513,0.12,2018,Southeast Asia
Honduras,5.504,0.459,0.62,0.622,0.197,2018,Latin America and Caribbean
Belarus,5.483,0.307,1.039,0.7,0.101,2018,Commonwealth of Independent States
Turkey,5.483,0.324,1.148,0.686,0.106,2018,Middle East and North Africa
Pakistan,5.472,0.334,0.652,0.424,0.216,2018,South Asia
Hong Kong,5.43,0.524,1.405,1.03,0.246,2018,
Portugal,5.41,0.562,1.188,0.884,0.055,2018,Western Europe
Serbia,5.398,0.288,0.975,0.685,0.134,2018,Central and Eastern Europe
Greece,5.358,0.131,1.154,0.879,0.0,2018,Western Europe
Lebanon,5.358,0.503,0.965,0.785,0.214,2018,Middle East and North Africa
Montenegro,5.347,0.259,1.017,0.729,0.111,2018,Central and Eastern Europe
Croatia,5.321,0.38,1.115,0.737,0.12,2018,Central and Eastern Europe
Dominican Republic,5.302,0.578,0.982,0.614,0.12,2018,Latin America and Caribbean
Algeria,5.295,0.077,0.979,0.687,0.055,2018,Middle East and North Africa
Morocco,5.254,0.46,0.779,0.669,0.026,2018,Middle East and North Africa
China,5.246,0.597,0.989,0.799,0.029,2018,East Asia
Azerbaijan,5.201,0.43,1.024,0.603,0.031,2018,Commonwealth of Independent States
Tajikistan,5.199,0.292,0.474,0.598,0.187,2018,Commonwealth of Independent States
Macedonia,5.185,0.394,0.959,0.691,0.173,2018,
Jordan,5.161,0.468,0.822,0.645,0.13,2018,Middle East and North Africa
Nigeria,5.155,0.462,0.689,0.048,0.201,2018,Sub-Saharan Africa
Kyrgyzstan,5.131,0.54,0.53,0.594,0.281,2018,Commonwealth of Independent States
Bosnia and Herzegovina,5.129,0.28,0.915,0.758,0.216,2018,Central and Eastern Europe
Mongolia,5.125,0.395,0.914,0.575,0.253,2018,East Asia
Vietnam,5.103,0.618,0.715,0.702,0.177,2018,Southeast Asia
Indonesia,5.093,0.538,0.899,0.522,0.484,2018,Southeast Asia
Bhutan,5.082,0.541,0.796,0.527,0.364,2018,
Somalia,4.982,0.674,0.0,0.115,0.238,2018,
Cameroon,4.975,0.454,0.535,0.182,0.183,2018,Sub-Saharan Africa
Bulgaria,4.933,0.359,1.054,0.712,0.064,2018,Central and Eastern Europe
Nepal,4.88,0.526,0.425,0.539,0.302,2018,South Asia
Venezuela,4.806,0.133,0.996,0.657,0.056,2018,Latin America and Caribbean
Gabon,4.758,0.356,1.036,0.404,0.032,2018,Sub-Saharan Africa
Palestinian Territories,4.743,0.266,0.642,0.602,0.086,2018,Middle East and North Africa
South Africa,4.724,0.516,0.94,0.33,0.103,2018,Sub-Saharan Africa
Iran,4.707,0.459,1.059,0.691,0.282,2018,Middle East and North Africa
Ivory Coast,4.671,0.467,0.541,0.08,0.146,2018,Sub-Saharan Africa
Ghana,4.657,0.499,0.592,0.337,0.212,2018,Sub-Saharan Africa
Senegal,4.631,0.406,0.429,0.433,0.138,2018,Sub-Saharan Africa
Laos,4.623,0.626,0.72,0.441,0.23,2018,Southeast Asia
Tunisia,4.592,0.271,0.9,0.69,0.04,2018,Middle East and North Africa
Albania,4.586,0.419,0.916,0.79,0.149,2018,Central and Eastern Europe
Sierra Leone,4.571,0.355,0.256,0.0,0.238,2018,Sub-Saharan Africa
Congo (Brazzaville),4.559,0.514,0.682,0.343,0.091,2018,Sub-Saharan Africa
Bangladesh,4.5,0.58,0.532,0.579,0.153,2018,South Asia
Sri Lanka,4.471,0.585,0.918,0.672,0.307,2018,South Asia
Iraq,4.456,0.304,1.01,0.536,0.148,2018,Middle East and North Africa
Mali,4.447,0.367,0.37,0.152,0.139,2018,Sub-Saharan Africa
Namibia,4.441,0.519,0.874,0.365,0.051,2018,Sub-Saharan Africa
Cambodia,4.433,0.696,0.549,0.457,0.256,2018,Southeast Asia
Burkina Faso,4.424,0.312,0.314,0.254,0.175,2018,Sub-Saharan Africa
Egypt,4.419,0.312,0.885,0.553,0.092,2018,Middle East and North Africa
Mozambique,4.417,0.531,0.198,0.173,0.206,2018,Sub-Saharan Africa
Kenya,4.41,0.504,0.493,0.454,0.352,2018,Sub-Saharan Africa
Zambia,4.377,0.503,0.562,0.295,0.221,2018,Sub-Saharan Africa
Mauritania,4.356,0.129,0.557,0.292,0.134,2018,Sub-Saharan Africa
Ethiopia,4.35,0.452,0.308,0.391,0.22,2018,Sub-Saharan Africa
Georgia,4.34,0.375,0.853,0.643,0.038,2018,Commonwealth of Independent States
Armenia,4.321,0.26,0.816,0.666,0.077,2018,Commonwealth of Independent States
Myanmar,4.308,0.58,0.682,0.429,0.598,2018,Southeast Asia
Chad,4.301,0.189,0.358,0.053,0.181,2018,Sub-Saharan Africa
Congo (Kinshasa),4.245,0.312,0.069,0.204,0.197,2018,
India,4.19,0.539,0.721,0.485,0.172,2018,South Asia
Niger,4.166,0.39,0.131,0.221,0.175,2018,Sub-Saharan Africa
Uganda,4.161,0.45,0.322,0.237,0.259,2018,Sub-Saharan Africa
Benin,4.141,0.44,0.378,0.24,0.163,2018,Sub-Saharan Africa
Sudan,4.139,0.016,0.605,0.312,0.134,2018,
Ukraine,4.103,0.163,0.793,0.609,0.187,2018,Commonwealth of Independent States
Togo,3.999,0.434,0.259,0.253,0.158,2018,Sub-Saharan Africa
Guinea,3.964,0.394,0.344,0.211,0.185,2018,Sub-Saharan Africa
Lesotho,3.808,0.423,0.472,0.079,0.116,2018,Sub-Saharan Africa
Angola,3.795,0.0,0.73,0.269,0.079,2018,
Madagascar,3.774,0.221,0.262,0.402,0.155,2018,Sub-Saharan Africa
Zimbabwe,3.692,0.406,0.357,0.248,0.132,2018,Sub-Saharan Africa
Afghanistan,3.632,0.085,0.332,0.255,0.191,2018,South Asia
Botswana,3.59,0.557,1.017,0.417,0.042,2018,Sub-Saharan Africa
Malawi,3.587,0.531,0.186,0.306,0.21,2018,Sub-Saharan Africa
Haiti,3.582,0.025,0.315,0.289,0.392,2018,Latin America and Caribbean
Liberia,3.495,0.419,0.076,0.267,0.206,2018,Sub-Saharan Africa
Syria,3.462,0.088,0.689,0.539,0.376,2018,
Rwanda,3.408,0.636,0.332,0.4,0.2,2018,Sub-Saharan Africa
Yemen,3.355,0.244,0.442,0.343,0.083,2018,Middle East and North Africa
Tanzania,3.303,0.481,0.455,0.381,0.27,2018,Sub-Saharan Africa
South Sudan,3.254,0.112,0.337,0.177,0.224,2018,
Central African Republic,3.083,0.305,0.024,0.01,0.218,2018,
Burundi,2.905,0.065,0.091,0.145,0.149,2018,Sub-Saharan Africa
Finland,7.769,0.596,1.34,0.986,0.153,2019,Western Europe
Denmark,7.6,0.592,1.383,0.996,0.252,2019,Western Europe
Norway,7.554,0.603,1.488,1.028,0.271,2019,Western Europe
Iceland,7.494,0.591,1.38,1.026,0.354,2019,Western Europe
Netherlands,7.488,0.557,1.396,0.999,0.322,2019,Western Europe
Switzerland,7.48,0.572,1.452,1.052,0.263,2019,Western Europe
Sweden,7.343,0.574,1.387,1.009,0.267,2019,Western Europe
New Zealand,7.307,0.585,1.303,1.026,0.33,2019,North America and ANZ
Canada,7.278,0.584,1.365,1.039,0.285,2019,North America and ANZ
Austria,7.246,0.532,1.376,1.016,0.244,2019,Western Europe
Australia,7.228,0.557,1.372,1.036,0.332,2019,North America and ANZ
Costa Rica,7.167,0.558,1.034,0.963,0.144,2019,Latin America and Caribbean
Israel,7.139,0.371,1.276,1.029,0.261,2019,Middle East and North Africa
Luxembourg,7.09,0.526,1.609,1.012,0.194,2019,Western Europe
United Kingdom,7.054,0.45,1.333,0.996,0.348,2019,Western Europe
Ireland,7.021,0.516,1.499,0.999,0.298,2019,Western Europe
Germany,6.985,0.495,1.373,0.987,0.261,2019,Western Europe
Belgium,6.923,0.473,1.356,0.986,0.16,2019,Western Europe
United States,6.892,0.454,1.433,0.874,0.28,2019,North America and ANZ
Czech Republic,6.852,0.457,1.269,0.92,0.046,2019,Central and Eastern Europe
United Arab Emirates,6.825,0.598,1.503,0.825,0.262,2019,Middle East and North Africa
Malta,6.726,0.564,1.3,0.999,0.375,2019,Western Europe
Mexico,6.595,0.433,1.07,0.861,0.074,2019,Latin America and Caribbean
France,6.592,0.436,1.324,1.045,0.111,2019,Western Europe
Taiwan,6.446,0.351,1.368,0.914,0.242,2019,
Chile,6.444,0.357,1.159,0.92,0.187,2019,Latin America and Caribbean
Guatemala,6.436,0.535,0.8,0.746,0.175,2019,Latin America and Caribbean
Saudi Arabia,6.375,0.439,1.403,0.795,0.08,2019,Middle East and North Africa
Qatar,6.374,0.555,1.684,0.871,0.22,2019,
Spain,6.354,0.362,1.286,1.062,0.153,2019,Western Europe
Panama,6.321,0.516,1.149,0.91,0.109,2019,Latin America and Caribbean
Brazil,6.3,0.39,1.004,0.802,0.099,2019,Latin America and Caribbean
Uruguay,6.293,0.523,1.124,0.891,0.127,2019,Latin America and Caribbean
Singapore,6.262,0.556,1.572,1.141,0.271,2019,Southeast Asia
El Salvador,6.253,0.43,0.794,0.789,0.093,2019,Latin America and Caribbean
Italy,6.223,0.231,1.294,1.039,0.158,2019,Western Europe
Bahrain,6.199,0.536,1.362,0.871,0.255,2019,Middle East and North Africa
Slovakia,6.198,0.334,1.246,0.881,0.121,2019,Central and Eastern Europe
Trinidad & Tobago,6.192,0.489,1.231,0.713,0.185,2019,
Poland,6.182,0.483,1.206,0.884,0.117,2019,Central and Eastern Europe
Uzbekistan,6.174,0.631,0.745,0.756,0.322,2019,Commonwealth of Independent States
Lithuania,6.149,0.291,1.238,0.818,0.043,2019,Central and Eastern Europe
Colombia,6.125,0.47,0.985,0.841,0.099,2019,Latin America and Caribbean
Slovenia,6.118,0.564,1.258,0.953,0.144,2019,Central and Eastern Europe
Nicaragua,6.105,0.435,0.694,0.835,0.2,2019,Latin America and Caribbean
Kosovo,6.1,0.489,0.882,0.758,0.262,2019,Central and Eastern Europe
Argentina,6.086,0.471,1.092,0.881,0.066,2019,Latin America and Caribbean
Romania,6.07,0.462,1.162,0.825,0.083,2019,Central and Eastern Europe
Cyprus,6.046,0.406,1.263,1.042,0.19,2019,Western Europe
Ecuador,6.028,0.498,0.912,0.868,0.126,2019,Latin America and Caribbean
Kuwait,6.021,0.493,1.5,0.808,0.142,2019,Middle East and North Africa
Thailand,6.008,0.557,1.05,0.828,0.359,2019,Southeast Asia
Latvia,5.94,0.264,1.187,0.812,0.075,2019,Central and Eastern Europe
South Korea,5.895,0.159,1.301,1.036,0.175,2019,East Asia
Estonia,5.893,0.495,1.237,0.874,0.103,2019,Central and Eastern Europe
Jamaica,5.89,0.49,0.831,0.831,0.107,2019,Latin America and Caribbean
Mauritius,5.888,0.498,1.12,0.798,0.215,2019,Sub-Saharan Africa
Japan,5.886,0.445,1.327,1.088,0.069,2019,East Asia
Honduras,5.86,0.507,0.642,0.828,0.246,2019,Latin America and Caribbean
Kazakhstan,5.809,0.41,1.173,0.729,0.146,2019,Commonwealth of Independent States
Bolivia,5.779,0.511,0.776,0.706,0.137,2019,Latin America and Caribbean
Hungary,5.758,0.199,1.201,0.828,0.081,2019,Central and Eastern Europe
Paraguay,5.743,0.514,0.855,0.777,0.184,2019,Latin America and Caribbean
Northern Cyprus,5.718,0.417,1.263,1.042,0.191,2019,
Peru,5.697,0.455,0.96,0.854,0.083,2019,Latin America and Caribbean
Portugal,5.693,0.508,1.221,0.999,0.047,2019,Western Europe
Pakistan,5.653,0.313,0.677,0.535,0.22,2019,South Asia
Russia,5.648,0.334,1.183,0.726,0.082,2019,Commonwealth of Independent States
Philippines,5.631,0.558,0.807,0.657,0.117,2019,Southeast Asia
Serbia,5.603,0.282,1.004,0.854,0.137,2019,Central and Eastern Europe
Moldova,5.529,0.245,0.685,0.739,0.181,2019,Commonwealth of Independent States
Libya,5.525,0.416,1.044,0.673,0.133,2019,Middle East and North Africa
Montenegro,5.523,0.197,1.051,0.871,0.142,2019,Central and Eastern Europe
Tajikistan,5.467,0.389,0.493,0.718,0.23,2019,Commonwealth of Independent States
Croatia,5.432,0.296,1.155,0.914,0.119,2019,Central and Eastern Europe
Hong Kong,5.43,0.44,1.438,1.122,0.258,2019,
Dominican Republic,5.425,0.497,1.015,0.779,0.113,2019,Latin America and Caribbean
Bosnia and Herzegovina,5.386,0.212,0.945,0.845,0.263,2019,Central and Eastern Europe
Turkey,5.373,0.195,1.183,0.808,0.083,2019,Middle East and North Africa
Malaysia,5.339,0.508,1.221,0.828,0.26,2019,Southeast Asia
Belarus,5.323,0.235,1.067,0.789,0.094,2019,Commonwealth of Independent States
Greece,5.287,0.067,1.181,0.999,0.0,2019,Western Europe
Mongolia,5.285,0.317,0.948,0.667,0.235,2019,East Asia
North Macedonia,5.274,0.345,0.983,0.838,0.185,2019,Central and Eastern Europe
Nigeria,5.265,0.426,0.696,0.245,0.215,2019,Sub-Saharan Africa
Kyrgyzstan,5.261,0.508,0.551,0.723,0.3,2019,Commonwealth of Independent States
Turkmenistan,5.247,0.394,1.052,0.657,0.244,2019,Commonwealth of Independent States
Algeria,5.211,0.086,1.002,0.785,0.073,2019,Middle East and North Africa
Morocco,5.208,0.418,0.801,0.782,0.036,2019,Middle East and North Africa
Azerbaijan,5.208,0.351,1.043,0.769,0.035,2019,Commonwealth of Independent States
Lebanon,5.197,0.216,0.987,0.815,0.166,2019,Middle East and North Africa
Indonesia,5.192,0.491,0.931,0.66,0.498,2019,Southeast Asia
China,5.191,0.521,1.029,0.893,0.058,2019,East Asia
Vietnam,5.175,0.543,0.741,0.851,0.147,2019,Southeast Asia
Bhutan,5.082,0.457,0.813,0.604,0.37,2019,
Cameroon,5.044,0.381,0.549,0.331,0.187,2019,Sub-Saharan Africa
Bulgaria,5.011,0.311,1.092,0.815,0.081,2019,Central and Eastern Europe
Ghana,4.996,0.381,0.611,0.486,0.245,2019,Sub-Saharan Africa
Ivory Coast,4.944,0.352,0.569,0.232,0.154,2019,Sub-Saharan Africa
Nepal,4.913,0.439,0.446,0.677,0.285,2019,South Asia
Jordan,4.906,0.383,0.837,0.815,0.11,2019,Middle East and North Africa
Benin,4.883,0.349,0.393,0.397,0.175,2019,Sub-Saharan Africa
Congo (Brazzaville),4.812,0.372,0.673,0.508,0.105,2019,Sub-Saharan Africa
Gabon,4.799,0.295,1.057,0.571,0.043,2019,Sub-Saharan Africa
Laos,4.796,0.547,0.764,0.551,0.266,2019,Southeast Asia
South Africa,4.722,0.389,0.96,0.469,0.13,2019,Sub-Saharan Africa
Albania,4.719,0.383,0.947,0.874,0.178,2019,Central and Eastern Europe
Venezuela,4.707,0.154,0.96,0.805,0.064,2019,Latin America and Caribbean
Cambodia,4.7,0.609,0.574,0.637,0.232,2019,Southeast Asia
Palestinian Territories,4.696,0.225,0.657,0.672,0.103,2019,Middle East and North Africa
Senegal,4.681,0.292,0.45,0.571,0.153,2019,Sub-Saharan Africa
Somalia,4.668,0.559,0.0,0.268,0.243,2019,
Namibia,4.639,0.401,0.879,0.477,0.07,2019,Sub-Saharan Africa
Niger,4.628,0.318,0.138,0.366,0.188,2019,Sub-Saharan Africa
Burkina Faso,4.587,0.255,0.331,0.38,0.177,2019,Sub-Saharan Africa
Armenia,4.559,0.283,0.85,0.815,0.095,2019,Commonwealth of Independent States
Iran,4.548,0.305,1.1,0.785,0.27,2019,Middle East and North Africa
Guinea,4.534,0.332,0.38,0.375,0.207,2019,Sub-Saharan Africa
Georgia,4.519,0.346,0.886,0.752,0.043,2019,Commonwealth of Independent States
Gambia,4.516,0.382,0.308,0.428,0.269,2019,Sub-Saharan Africa
Kenya,4.509,0.431,0.512,0.581,0.372,2019,Sub-Saharan Africa
Mauritania,4.49,0.066,0.57,0.489,0.106,2019,Sub-Saharan Africa
Mozambique,4.466,0.494,0.204,0.39,0.197,2019,Sub-Saharan Africa
Tunisia,4.461,0.167,0.921,0.815,0.059,2019,Middle East and North Africa
Bangladesh,4.456,0.527,0.562,0.723,0.166,2019,South Asia
Iraq,4.437,0.241,1.043,0.574,0.148,2019,Middle East and North Africa
Congo (Kinshasa),4.418,0.269,0.094,0.357,0.212,2019,
Mali,4.39,0.327,0.385,0.308,0.153,2019,Sub-Saharan Africa
Sierra Leone,4.374,0.309,0.268,0.242,0.252,2019,Sub-Saharan Africa
Sri Lanka,4.366,0.47,0.949,0.831,0.244,2019,South Asia
Myanmar,4.36,0.525,0.71,0.555,0.566,2019,Southeast Asia
Chad,4.35,0.174,0.35,0.192,0.198,2019,Sub-Saharan Africa
Ukraine,4.332,0.178,0.82,0.739,0.187,2019,Commonwealth of Independent States
Ethiopia,4.286,0.344,0.336,0.532,0.209,2019,Sub-Saharan Africa
Swaziland,4.212,0.313,0.811,0.0,0.074,2019,Sub-Saharan Africa
Uganda,4.189,0.356,0.332,0.443,0.252,2019,Sub-Saharan Africa
Egypt,4.166,0.241,0.913,0.644,0.076,2019,Middle East and North Africa
Zambia,4.107,0.431,0.578,0.426,0.247,2019,Sub-Saharan Africa
Togo,4.085,0.293,0.275,0.41,0.177,2019,Sub-Saharan Africa
India,4.015,0.498,0.755,0.588,0.2,2019,South Asia
Liberia,3.975,0.37,0.073,0.443,0.233,2019,Sub-Saharan Africa
Comoros,3.973,0.142,0.274,0.505,0.275,2019,Sub-Saharan Africa
Madagascar,3.933,0.148,0.274,0.555,0.169,2019,Sub-Saharan Africa
Lesotho,3.802,0.359,0.489,0.168,0.107,2019,Sub-Saharan Africa
Burundi,3.775,0.22,0.046,0.38,0.176,2019,Sub-Saharan Africa
Zimbabwe,3.663,0.361,0.366,0.433,0.151,2019,Sub-Saharan Africa
Haiti,3.597,0.026,0.323,0.449,0.419,2019,Latin America and Caribbean
Botswana,3.488,0.455,1.041,0.538,0.025,2019,Sub-Saharan Africa
Syria,3.462,0.013,0.619,0.44,0.331,2019,
Malawi,3.41,0.443,0.191,0.495,0.218,2019,Sub-Saharan Africa
Yemen,3.38,0.143,0.287,0.463,0.108,2019,Middle East and North Africa
Rwanda,3.334,0.555,0.359,0.614,0.217,2019,Sub-Saharan Africa
Tanzania,3.231,0.417,0.476,0.499,0.276,2019,Sub-Saharan Africa
Afghanistan,3.203,0.0,0.35,0.361,0.158,2019,South Asia
Central African Republic,3.083,0.225,0.026,0.105,0.235,2019,
South Sudan,2.853,0.01,0.306,0.295,0.202,2019,
Finland,7.808700085,0.949172199,10.63926697,71.9008255,-0.059482019,2020,Western Europe
Denmark,7.645599842,0.951444268,10.77400112,72.40250397,0.066201776,2020,Western Europe
Switzerland,7.559899807,0.921336651,10.97993279,74.10244751,0.105911039,2020,Western Europe
Iceland,7.504499912,0.948891878,10.77255917,73.0,0.246944219,2020,Western Europe
Norway,7.487999916,0.955750287,11.08780384,73.20078278,0.13453263,2020,Western Europe
Netherlands,7.448900223,0.908547819,10.81271172,72.30091858,0.20761244,2020,Western Europe
Sweden,7.353499889,0.939144194,10.75879383,72.60076904,0.111614622,2020,Western Europe
New Zealand,7.299600124,0.936217487,10.50094318,73.20262909,0.191598073,2020,North America and ANZ
Austria,7.294199944,0.899989486,10.7428236,73.00250244,0.085429221,2020,Western Europe
Luxembourg,7.237500191,0.90563643,11.45068073,72.59999847,-0.004620588,2020,Western Europe
Canada,7.23210001,0.933913231,10.69236851,73.60160065,0.124770768,2020,North America and ANZ
Australia,7.222799778,0.915431738,10.72059631,73.60453796,0.19046016,2020,North America and ANZ
United Kingdom,7.164500237,0.834743679,10.60013485,72.30160522,0.263732493,2020,Western Europe
Israel,7.128600121,0.747580588,10.41752529,73.20025635,0.10259372,2020,Middle East and North Africa
Costa Rica,7.121399879,0.934738934,9.658156395,71.29985046,-0.10242971,2020,Latin America and Caribbean
Ireland,7.093699932,0.886982977,11.16097832,72.30078888,0.145784974,2020,Western Europe
Germany,7.075799942,0.867371082,10.7328186,72.20201874,0.080179386,2020,Western Europe
United States,6.939599991,0.842619538,10.92576885,68.29949951,0.149891734,2020,North America and ANZ
Czech Republic,6.910900116,0.818537354,10.40416336,70.04793549,-0.230861515,2020,Central and Eastern Europe
Belgium,6.863500118,0.813582063,10.6736393,72.00164795,-0.078691199,2020,Western Europe
United Arab Emirates,6.790800095,0.941345513,11.1099987,67.08278656,0.123450845,2020,Middle East and North Africa
Malta,6.772799969,0.924911439,10.53383827,72.19999695,0.214965805,2020,Western Europe
France,6.663799763,0.825467646,10.58422279,73.80193329,-0.130641967,2020,Western Europe
Mexico,6.465000153,0.858709276,9.797797203,68.29902649,-0.175266623,2020,Latin America and Caribbean
Taiwan Province of China,6.45539999,0.77153033,10.77568531,69.59999847,-0.073198698,2020,East Asia
Uruguay,6.440100193,0.892395437,9.948192596,69.00254822,-0.101103112,2020,Latin America and Caribbean
Saudi Arabia,6.406499863,0.854191244,10.79781246,66.30514526,-0.168695062,2020,Middle East and North Africa
Spain,6.400899887,0.751989543,10.46292686,74.40270996,-0.050961714,2020,Western Europe
Guatemala,6.398900032,0.908147573,8.924805641,64.8089447,-0.042938665,2020,Latin America and Caribbean
Italy,6.38740015,0.66465199,10.48183632,73.60168457,-0.043460999,2020,Western Europe
Singapore,6.377099991,0.926645339,11.39552116,76.80458069,0.029879224,2020,Southeast Asia
Brazil,6.375599861,0.799804807,9.56643486,66.48016357,-0.101812392,2020,Latin America and Caribbean
Slovenia,6.363399982,0.936142623,10.39232254,71.1029892,-0.080603383,2020,Central and Eastern Europe
El Salvador,6.34829998,0.833805263,8.909075737,66.10826111,-0.121072978,2020,Latin America and Caribbean
Kosovo,6.325200081,0.861535907,9.204429626,63.88555527,0.190933764,2020,Central and Eastern Europe
Panama,6.304800034,0.880366504,10.03423405,69.60301208,-0.153927714,2020,Latin America and Caribbean
Slovakia,6.280600071,0.749952674,10.34774971,68.90634155,-0.124409303,2020,Central and Eastern Europe
Uzbekistan,6.257599831,0.974998116,8.740371704,65.10757446,0.248427153,2020,Commonwealth of Independent States
Chile,6.228499889,0.744896293,10.0320549,69.90061951,-0.065668367,2020,Latin America and Caribbean
Bahrain,6.227300167,0.905855775,10.67638016,68.5,0.13372919,2020,Middle East and North Africa
Lithuania,6.215499878,0.747381449,10.34362602,67.29407501,-0.219725296,2020,Central and Eastern Europe
Trinidad and Tobago,6.191899776,0.857907116,10.26000214,63.5,0.000526841,2020,
Poland,6.186299801,0.862055779,10.26512432,69.31113434,-0.205084071,2020,Central and Eastern Europe
Colombia,6.163400173,0.836179912,9.500369072,67.69958496,-0.161235645,2020,Latin America and Caribbean
Cyprus,6.15899992,0.779858291,10.40570259,73.70222473,0.043731496,2020,Western Europe
Nicaragua,6.13710022,0.863902867,8.493160248,67.50717926,0.020959141,2020,Latin America and Caribbean
Romania,6.123700142,0.842823207,10.107584,67.20723724,-0.19781521,2020,Central and Eastern Europe
Kuwait,6.102099895,0.872366488,11.08982468,66.76764679,-0.100184701,2020,Middle East and North Africa
Mauritius,6.101299763,0.889534533,9.956786156,66.40434265,-0.018318573,2020,Sub-Saharan Africa
Kazakhstan,6.057899952,0.811601937,10.11465836,64.60996246,-0.068488635,2020,Commonwealth of Independent States
Estonia,6.021800041,0.87770915,10.34001732,68.60495758,-0.111697771,2020,Central and Eastern Europe
Philippines,6.006000042,0.915463448,8.993545532,61.92676163,-0.105463006,2020,Southeast Asia
Hungary,6.000400066,0.718964577,10.24924374,67.60997009,-0.194323018,2020,Central and Eastern Europe
Thailand,5.998799801,0.905063033,9.741791725,67.25059509,0.268685192,2020,Southeast Asia
Argentina,5.974699974,0.831132412,9.810955048,68.80380249,-0.194913864,2020,Latin America and Caribbean
Honduras,5.953199863,0.870603263,8.424534798,67.19876862,0.086969115,2020,Latin America and Caribbean
Latvia,5.949999809,0.671237648,10.17531967,66.8074646,-0.186888844,2020,Central and Eastern Europe
Ecuador,5.925199986,0.859828949,9.246058464,68.50003815,-0.127014965,2020,Latin America and Caribbean
Portugal,5.910900116,0.888747811,10.26374245,72.40202332,-0.220714301,2020,Western Europe
Jamaica,5.889800072,0.858068526,9.006250381,67.09999847,-0.125106767,2020,Latin America and Caribbean
South Korea,5.872399807,0.612965107,10.51056671,73.6027298,-0.043404032,2020,East Asia
Japan,5.870800018,0.809961379,10.57968903,75.00096893,-0.246910349,2020,East Asia
Peru,5.796800137,0.824766099,9.456313133,68.10023499,-0.16238822,2020,Latin America and Caribbean
Serbia,5.77820015,0.726495862,9.680980682,68.21020508,-0.073676221,2020,Central and Eastern Europe
Bolivia,5.747499943,0.875873327,8.851115227,63.6004715,-0.09168113,2020,Latin America and Caribbean
Pakistan,5.69329977,0.734833717,8.482727051,58.25313568,0.04489987,2020,South Asia
Paraguay,5.692100048,0.885923445,9.389982224,65.63993835,0.007997713,2020,Latin America and Caribbean
Dominican Republic,5.689199924,0.866202772,9.664880753,65.80748749,-0.131263286,2020,Latin America and Caribbean
Bosnia and Herzegovina,5.674099922,0.651352704,9.455817223,67.80813599,0.098274559,2020,Central and Eastern Europe
Moldova,5.607500076,0.721609175,8.776714325,65.01301575,-0.037741039,2020,Commonwealth of Independent States
Tajikistan,5.555699825,0.831383407,8.024810791,64.10459137,-0.025088511,2020,Commonwealth of Independent States
Montenegro,5.54610014,0.649565637,9.751860619,68.50534821,-0.075600356,2020,Central and Eastern Europe
Russia,5.546000004,0.729892612,10.12887192,64.10045624,-0.151153743,2020,Commonwealth of Independent States
Kyrgyzstan,5.541500092,0.909374893,8.148405075,64.10601044,0.154772058,2020,Commonwealth of Independent States
Belarus,5.539899826,0.639163077,9.779945374,66.10433197,-0.164926544,2020,Commonwealth of Independent States
North Cyprus,5.53550005,0.79529351,10.40570259,73.70222473,0.000227159,2020,Western Europe
Greece,5.514999866,0.541345119,10.13232613,72.40525818,-0.300907373,2020,Western Europe
Hong Kong S.A.R. of China,5.510399818,0.779833794,10.9346714,76.77170563,0.134979904,2020,East Asia
Croatia,5.504700184,0.714838803,10.07087517,70.21490479,-0.128538325,2020,Central and Eastern Europe
Libya,5.488800049,0.773157001,9.789815903,62.29999924,-0.085054487,2020,Middle East and North Africa
Mongolia,5.456200123,0.693351328,9.412186623,62.30448532,0.098093867,2020,East Asia
Malaysia,5.384300232,0.894626856,10.26251888,67.10215759,0.114726797,2020,Southeast Asia
Vietnam,5.353499889,0.939592957,8.809545517,67.9527359,-0.094533332,2020,Southeast Asia
Indonesia,5.285600185,0.870614409,9.36975193,62.15584946,0.519586504,2020,Southeast Asia
Ivory Coast,5.233300209,0.727909327,8.225561142,49.50377274,-0.043991156,2020,Sub-Saharan Africa
Benin,5.21600008,0.735182583,7.674319744,54.31246567,-0.003537213,2020,Sub-Saharan Africa
Maldives,5.197599888,0.853962779,9.518632889,70.59999847,0.038085498,2020,South Asia
Congo (Brazzaville),5.194399834,0.719058514,8.536987305,57.92448044,-0.123674095,2020,Sub-Saharan Africa
Azerbaijan,5.164800167,0.786824107,9.687726974,65.50839996,-0.240255281,2020,Commonwealth of Independent States
Macedonia,5.159800053,0.738840938,9.510591507,67.50442505,-0.019877451,2020,
Ghana,5.147999763,0.794796526,8.350645065,57.20398712,0.094170853,2020,Sub-Saharan Africa
Nepal,5.137199879,0.797565043,7.925357342,63.77917862,0.154168829,2020,South Asia
Turkey,5.131800175,0.608830452,10.12941933,66.90281677,-0.171046436,2020,Middle East and North Africa
China,5.123899937,0.898517907,9.688568115,69.2891922,-0.18142575,2020,East Asia
Turkmenistan,5.119100094,0.826457024,9.74803257,62.21170807,0.187671542,2020,Commonwealth of Independent States
Bulgaria,5.101500034,0.745178163,9.869318962,66.80397797,-0.143908441,2020,Central and Eastern Europe
Morocco,5.094799995,0.772072434,8.940313339,65.89624023,-0.240377247,2020,Middle East and North Africa
Cameroon,5.084899902,0.763051808,8.118647575,52.7049408,-0.00149645,2020,Sub-Saharan Africa
Venezuela,5.053199768,0.62327832,8.977793694,66.50534058,-0.169090509,2020,Latin America and Caribbean
Algeria,5.005099773,0.466610909,9.537964821,65.90517426,-0.121105164,2020,Middle East and North Africa
Senegal,4.980800152,0.690596163,8.118982315,59.59915161,-0.052335154,2020,Sub-Saharan Africa
Guinea,4.949299812,0.706846774,7.750990391,54.46780014,0.076328471,2020,Sub-Saharan Africa
Niger,4.909599781,0.759772122,6.842166901,53.50009537,0.013860817,2020,Sub-Saharan Africa
Laos,4.888599873,0.907213569,8.79858017,58.70992279,0.11137148,2020,Southeast Asia
Albania,4.882699966,0.781994224,9.417930603,68.70813751,-0.042309489,2020,Central and Eastern Europe
Cambodia,4.848400116,0.959704638,8.249890327,61.52996826,0.051911179,2020,Southeast Asia
Bangladesh,4.832799911,0.90062499,8.287063599,64.50306702,-0.033664726,2020,South Asia
Gabon,4.829299927,0.704829216,9.680537224,59.71533966,-0.222261623,2020,Sub-Saharan Africa
South Africa,4.814099789,0.759330094,9.403370857,56.50601196,-0.109777324,2020,Sub-Saharan Africa
Iraq,4.784800053,0.633182645,9.661095619,59.90354919,-0.06956476,2020,Middle East and North Africa
Lebanon,4.771500111,0.551357508,9.3617239,67.10658264,-0.06121527,2020,Middle East and North Africa
Burkina Faso,4.768700123,0.665563583,7.46854496,53.88945389,-0.019080516,2020,Sub-Saharan Africa
Gambia,4.750599861,0.733163178,7.321814537,55.0120163,0.343198717,2020,Sub-Saharan Africa
Mali,4.729300022,0.71156615,7.629852295,51.72698212,-0.044366926,2020,Sub-Saharan Africa
Nigeria,4.724100113,0.759578407,8.57662487,49.86190796,0.033745807,2020,Sub-Saharan Africa
Armenia,4.676799774,0.712017834,9.100476265,66.75065613,-0.13877961,2020,Commonwealth of Independent States
Georgia,4.672599792,0.801641524,9.226100922,64.49520874,-0.22892037,2020,Commonwealth of Independent States
Iran,4.672399998,0.647873282,9.813719749,66.00614929,0.117891103,2020,Middle East and North Africa
Jordan,4.633399963,0.75104779,9.025999069,66.79975128,-0.162565202,2020,Middle East and North Africa
Mozambique,4.623600006,0.864451885,7.069345951,54.20582199,0.032375868,2020,Sub-Saharan Africa
Kenya,4.583000183,0.829747558,8.02977562,60.09693146,0.294681519,2020,Sub-Saharan Africa
Namibia,4.571100235,0.767520964,9.203141212,56.50148773,-0.18530646,2020,Sub-Saharan Africa
Ukraine,4.56069994,0.663081884,9.010690689,64.60678101,-0.030933706,2020,Commonwealth of Independent States
Liberia,4.557899952,0.735268712,7.054380417,56.09631348,0.04227322,2020,Sub-Saharan Africa
Palestinian Territories,4.552800179,0.645791829,8.389223099,62.25,-0.162079096,2020,Middle East and North Africa
Uganda,4.43200016,0.731713951,7.500389576,55.70820236,0.099487431,2020,Sub-Saharan Africa
Chad,4.422699928,0.587305248,7.467963696,48.22053909,0.017834719,2020,Sub-Saharan Africa
Tunisia,4.392199993,0.593361557,9.314972878,66.89785767,-0.216413811,2020,Middle East and North Africa
Mauritania,4.374599934,0.551522553,8.233919144,57.01017761,-0.106008142,2020,Sub-Saharan Africa
Sri Lanka,4.327000141,0.837633669,9.389969826,67.20006561,0.081129618,2020,South Asia
Congo (Kinshasa),4.31099987,0.700793564,6.694256306,52.90000153,0.083637655,2020,
Swaziland,4.308100224,0.646822274,9.16267395,51.18823624,-0.19920142,2020,Sub-Saharan Africa
Myanmar,4.308000088,0.895075202,8.680481911,58.96171188,0.560663998,2020,Southeast Asia
Comoros,4.288599968,0.547612607,7.833630085,57.34901047,0.090008408,2020,Sub-Saharan Africa
Togo,4.187200069,0.649828613,7.357711315,54.71989822,0.002667875,2020,Sub-Saharan Africa
Ethiopia,4.186200142,0.740795195,7.509385586,58.63959122,0.043377332,2020,Sub-Saharan Africa
Madagascar,4.165599823,0.557574093,7.281685829,59.10542679,-0.011823639,2020,Sub-Saharan Africa
Egypt,4.151400089,0.708354175,9.316541672,61.78015137,-0.196878314,2020,Middle East and North Africa
Sierra Leone,3.926399946,0.715315044,7.26880312,50.86514282,0.088660747,2020,Sub-Saharan Africa
Burundi,3.775300026,0.626350224,6.492642403,53.40000153,-0.017551597,2020,Sub-Saharan Africa
Zambia,3.759399891,0.806500256,8.224720001,55.29937744,0.078037128,2020,Sub-Saharan Africa
Haiti,3.720799923,0.537825167,7.411329269,55.59862518,0.40053457,2020,Latin America and Caribbean
Lesotho,3.652800083,0.738125861,7.960488319,48.00362396,-0.145732045,2020,Sub-Saharan Africa
India,3.573299885,0.881444871,8.849823952,60.21518707,0.057551607,2020,South Asia
Malawi,3.538000107,0.803223193,7.062226295,57.59288788,0.021433279,2020,Sub-Saharan Africa
Yemen,3.527400017,0.599920273,7.759682655,56.72728348,-0.157735437,2020,Middle East and North Africa
Botswana,3.478899956,0.821328104,9.711203575,58.92445374,-0.250394493,2020,Sub-Saharan Africa
Tanzania,3.476200104,0.82153976,7.967665195,57.49607468,0.109668687,2020,Sub-Saharan Africa
Central African Republic,3.475899935,0.640880644,6.625160217,45.20000076,0.082410358,2020,
Rwanda,3.312299967,0.900589406,7.600104332,61.09884644,0.055483952,2020,Sub-Saharan Africa
Zimbabwe,3.299200058,0.711457908,7.865711689,55.61725998,-0.072063953,2020,Sub-Saharan Africa
South Sudan,2.816600084,0.451313615,7.425359726,51.0,0.016518548,2020,
Afghanistan,2.566900015,0.396573007,7.462860584,52.59000015,-0.0964294,2020,South Asia
