,Country,Ladder Score,GDP,Life Expectancy,Generosity,Year,Regional indicator
0,Finland,7.842,10.775,72.0,-0.098,2021,Western Europe
1,Denmark,7.62,10.933,72.7,0.03,2021,Western Europe
2,Switzerland,7.571,11.117,74.4,0.025,2021,Western Europe
3,Iceland,7.554,10.878,73.0,0.16,2021,Western Europe
4,Netherlands,7.464,10.932,72.4,0.175,2021,Western Europe
5,Norway,7.392,11.053,73.3,0.093,2021,Western Europe
6,Sweden,7.363,10.867,72.7,0.086,2021,Western Europe
7,Luxembourg,7.324,11.647,72.6,-0.034,2021,Western Europe
8,New Zealand,7.277,10.643,73.4,0.134,2021,North America and ANZ
9,Austria,7.268,10.906,73.3,0.042,2021,Western Europe
10,Australia,7.183,10.796,73.9,0.159,2021,North America and ANZ
11,Israel,7.157,10.575,73.503,0.031,2021,Middle East and North Africa
12,Germany,7.155,10.873,72.5,0.011,2021,Western Europe
13,Canada,7.103,10.776,73.8,0.089,2021,North America and ANZ
14,Ireland,7.085,11.342,72.4,0.077,2021,Western Europe
15,Costa Rica,7.069,9.88,71.4,-0.126,2021,Latin America and Caribbean
16,United Kingdom,7.064,10.707,72.5,0.233,2021,Western Europe
17,Czech Republic,6.965,10.556,70.807,-0.208,2021,Central and Eastern Europe
18,United States,6.951,11.023,68.2,0.098,2021,North America and ANZ
19,Belgium,6.834,10.823,72.199,-0.153,2021,Western Europe
20,France,6.69,10.704,74.0,-0.147,2021,Western Europe
21,Bahrain,6.647,10.669,69.495,0.089,2021,Middle East and North Africa
22,Malta,6.602,10.674,72.2,0.133,2021,Western Europe
23,Taiwan Province of China,6.584,10.871,69.6,-0.07,2021,East Asia
24,United Arab Emirates,6.561,11.085,67.333,0.074,2021,Middle East and North Africa
25,Saudi Arabia,6.494,10.743,66.603,-0.149,2021,Middle East and North Africa
26,Spain,6.491,10.571,74.7,-0.081,2021,Western Europe
27,Italy,6.483,10.623,73.8,-0.084,2021,Western Europe
28,Slovenia,6.461,10.529,71.4,-0.101,2021,Central and Eastern Europe
29,Guatemala,6.435,9.053,64.958,-0.038,2021,Latin America and Caribbean
30,Uruguay,6.431,9.966,69.1,-0.092,2021,Latin America and Caribbean
31,Singapore,6.377,11.488,76.953,-0.018,2021,Southeast Asia
32,Kosovo,6.372,9.318,63.813,0.257,2021,Central and Eastern Europe
33,Slovakia,6.331,10.369,69.201,-0.124,2021,Central and Eastern Europe
34,Brazil,6.33,9.577,66.601,-0.071,2021,Latin America and Caribbean
35,Mexico,6.317,9.859,68.597,-0.147,2021,Latin America and Caribbean
36,Jamaica,6.309,9.186,67.5,-0.137,2021,Latin America and Caribbean
37,Lithuania,6.255,10.499,67.906,-0.203,2021,Central and Eastern Europe
38,Cyprus,6.223,10.576,73.898,-0.015,2021,Western Europe
39,Estonia,6.189,10.481,68.8,-0.106,2021,Central and Eastern Europe
40,Panama,6.18,10.35,69.652,-0.166,2021,Latin America and Caribbean
41,Uzbekistan,6.179,8.836,65.255,0.311,2021,Commonwealth of Independent States
42,Chile,6.172,10.071,70.0,-0.044,2021,Latin America and Caribbean
43,Poland,6.166,10.382,69.702,-0.165,2021,Central and Eastern Europe
44,Kazakhstan,6.152,10.155,65.2,-0.069,2021,Commonwealth of Independent States
45,Romania,6.14,10.284,67.355,-0.219,2021,Central and Eastern Europe
46,Kuwait,6.106,10.817,66.9,-0.104,2021,Middle East and North Africa
47,Serbia,6.078,9.787,68.6,0.002,2021,Central and Eastern Europe
48,El Salvador,6.061,9.054,66.402,-0.11,2021,Latin America and Caribbean
49,Mauritius,6.049,10.008,66.701,-0.054,2021,Sub-Saharan Africa
50,Latvia,6.032,10.315,67.1,-0.162,2021,Central and Eastern Europe
51,Colombia,6.012,9.557,68.001,-0.135,2021,Latin America and Caribbean
52,Hungary,5.992,10.358,68.0,-0.186,2021,Central and Eastern Europe
53,Thailand,5.985,9.805,67.401,0.287,2021,Southeast Asia
54,Nicaragua,5.972,8.62,67.657,0.02,2021,Latin America and Caribbean
55,Japan,5.94,10.611,75.1,-0.258,2021,East Asia
56,Argentina,5.929,9.962,69.0,-0.182,2021,Latin America and Caribbean
57,Portugal,5.929,10.421,72.6,-0.244,2021,Western Europe
58,Honduras,5.919,8.648,67.3,0.081,2021,Latin America and Caribbean
59,Croatia,5.882,10.217,70.799,-0.118,2021,Central and Eastern Europe
60,Philippines,5.88,9.076,62.0,-0.097,2021,Southeast Asia
61,South Korea,5.845,10.651,73.9,-0.083,2021,East Asia
62,Peru,5.84,9.458,68.25,-0.154,2021,Latin America and Caribbean
63,Bosnia and Herzegovina,5.813,9.59,68.098,0.113,2021,Central and Eastern Europe
64,Moldova,5.766,9.454,65.699,-0.079,2021,Commonwealth of Independent States
65,Ecuador,5.764,9.313,68.8,-0.124,2021,Latin America and Caribbean
66,Kyrgyzstan,5.744,8.538,64.401,0.119,2021,Commonwealth of Independent States
67,Greece,5.723,10.279,72.6,-0.288,2021,Western Europe
68,Bolivia,5.716,9.046,63.901,-0.077,2021,Latin America and Caribbean
69,Mongolia,5.677,9.4,62.5,0.116,2021,East Asia
70,Paraguay,5.653,9.448,65.9,0.028,2021,Latin America and Caribbean
71,Montenegro,5.581,9.94,68.699,-0.034,2021,Central and Eastern Europe
72,Dominican Republic,5.545,9.802,66.102,-0.133,2021,Latin America and Caribbean
73,North Cyprus,5.536,10.576,73.898,0.012,2021,Western Europe
74,Belarus,5.534,9.853,66.253,-0.18,2021,Commonwealth of Independent States
75,Russia,5.477,10.189,64.703,-0.111,2021,Commonwealth of Independent States
76,Hong Kong S.A.R. of China,5.477,11.0,76.82,0.067,2021,East Asia
77,Tajikistan,5.466,8.091,64.281,-0.056,2021,Commonwealth of Independent States
78,Vietnam,5.411,8.973,68.034,-0.098,2021,Southeast Asia
79,Libya,5.41,9.622,62.3,-0.087,2021,Middle East and North Africa
80,Malaysia,5.384,10.238,67.102,0.125,2021,Southeast Asia
81,Indonesia,5.345,9.365,62.236,0.542,2021,Southeast Asia
82,Congo (Brazzaville),5.342,8.117,58.221,-0.068,2021,Sub-Saharan Africa
83,China,5.339,9.673,69.593,-0.146,2021,East Asia
84,Ivory Coast,5.306,8.551,50.114,-0.016,2021,Sub-Saharan Africa
85,Armenia,5.283,9.487,67.055,-0.168,2021,Commonwealth of Independent States
86,Nepal,5.269,8.12,64.233,0.152,2021,South Asia
87,Bulgaria,5.266,10.016,67.0,-0.096,2021,Central and Eastern Europe
88,Maldives,5.198,9.826,70.6,0.024,2021,South Asia
89,Azerbaijan,5.171,9.569,65.656,-0.223,2021,Commonwealth of Independent States
90,Cameroon,5.142,8.189,53.515,0.026,2021,Sub-Saharan Africa
91,Senegal,5.132,8.118,59.802,-0.046,2021,Sub-Saharan Africa
92,Albania,5.117,9.52,68.999,-0.03,2021,Central and Eastern Europe
93,North Macedonia,5.101,9.693,65.474,0.038,2021,Central and Eastern Europe
94,Ghana,5.088,8.58,57.586,0.123,2021,Sub-Saharan Africa
95,Niger,5.074,7.098,53.78,0.018,2021,Sub-Saharan Africa
96,Turkmenistan,5.066,9.629,62.409,0.273,2021,Commonwealth of Independent States
97,Gambia,5.051,7.686,55.16,0.424,2021,Sub-Saharan Africa
98,Benin,5.045,8.087,54.713,-0.034,2021,Sub-Saharan Africa
99,Laos,5.03,8.947,58.968,0.123,2021,Southeast Asia
100,Bangladesh,5.025,8.454,64.8,-0.041,2021,South Asia
101,Guinea,4.984,7.838,55.008,0.095,2021,Sub-Saharan Africa
102,South Africa,4.956,9.403,56.904,-0.067,2021,Sub-Saharan Africa
103,Turkey,4.948,10.24,67.199,-0.139,2021,Middle East and North Africa
104,Pakistan,4.934,8.458,58.709,0.098,2021,South Asia
105,Morocco,4.918,8.903,66.208,-0.236,2021,Middle East and North Africa
106,Venezuela,4.892,9.073,66.7,-0.169,2021,Latin America and Caribbean
107,Georgia,4.891,9.585,64.3,-0.238,2021,Commonwealth of Independent States
108,Algeria,4.887,9.342,66.005,-0.067,2021,Middle East and North Africa
109,Ukraine,4.875,9.436,64.902,-0.011,2021,Commonwealth of Independent States
110,Iraq,4.854,9.24,60.583,-0.053,2021,Middle East and North Africa
111,Gabon,4.852,9.603,59.962,-0.2,2021,Sub-Saharan Africa
112,Burkina Faso,4.834,7.678,54.151,-0.009,2021,Sub-Saharan Africa
113,Cambodia,4.83,8.36,62.0,0.034,2021,Southeast Asia
114,Mozambique,4.794,7.158,54.706,0.061,2021,Sub-Saharan Africa
115,Nigeria,4.759,8.533,50.102,0.037,2021,Sub-Saharan Africa
116,Mali,4.723,7.744,51.969,-0.036,2021,Sub-Saharan Africa
117,Iran,4.721,9.584,66.3,0.218,2021,Middle East and North Africa
118,Uganda,4.636,7.677,56.101,0.122,2021,Sub-Saharan Africa
119,Liberia,4.625,7.288,56.498,0.05,2021,Sub-Saharan Africa
120,Kenya,4.607,8.361,60.704,0.287,2021,Sub-Saharan Africa
121,Tunisia,4.596,9.266,67.201,-0.201,2021,Middle East and North Africa
122,Lebanon,4.584,9.626,67.355,-0.073,2021,Middle East and North Africa
123,Namibia,4.574,9.161,56.799,-0.149,2021,Sub-Saharan Africa
124,Palestinian Territories,4.517,8.485,62.25,-0.163,2021,Middle East and North Africa
125,Myanmar,4.426,8.541,59.302,0.509,2021,Southeast Asia
126,Jordan,4.395,9.182,67.0,-0.167,2021,Middle East and North Africa
127,Chad,4.355,7.364,48.478,0.041,2021,Sub-Saharan Africa
128,Sri Lanka,4.325,9.47,67.299,0.079,2021,South Asia
129,Swaziland,4.308,9.065,50.833,-0.185,2021,Sub-Saharan Africa
130,Comoros,4.289,8.031,57.349,0.082,2021,Sub-Saharan Africa
131,Egypt,4.283,9.367,61.998,-0.182,2021,Middle East and North Africa
132,Ethiopia,4.275,7.694,59.0,0.082,2021,Sub-Saharan Africa
133,Mauritania,4.227,8.542,57.161,-0.106,2021,Sub-Saharan Africa
134,Madagascar,4.208,7.396,59.305,-0.005,2021,Sub-Saharan Africa
135,Togo,4.107,7.362,54.914,0.032,2021,Sub-Saharan Africa
136,Zambia,4.073,8.145,55.809,0.061,2021,Sub-Saharan Africa
137,Sierra Leone,3.849,7.434,51.651,0.084,2021,Sub-Saharan Africa
138,India,3.819,8.755,60.633,0.089,2021,South Asia
139,Burundi,3.775,6.635,53.4,-0.024,2021,Sub-Saharan Africa
140,Yemen,3.658,7.578,57.122,-0.147,2021,Middle East and North Africa
141,Tanzania,3.623,7.876,57.999,0.183,2021,Sub-Saharan Africa
142,Haiti,3.615,7.477,55.7,0.422,2021,Latin America and Caribbean
143,Malawi,3.6,6.958,57.948,0.038,2021,Sub-Saharan Africa
144,Lesotho,3.512,7.926,48.7,-0.131,2021,Sub-Saharan Africa
145,Botswana,3.467,9.782,59.269,-0.246,2021,Sub-Saharan Africa
146,Rwanda,3.415,7.676,61.4,0.061,2021,Sub-Saharan Africa
147,Zimbabwe,3.145,7.943,56.201,-0.047,2021,Sub-Saharan Africa
148,Afghanistan,2.523,7.695,52.493,-0.102,2021,South Asia
0,Norway,7.537000179,1.616463184,0.796666503,0.362012237,2017,Western Europe
1,Denmark,7.521999836,1.482383013,0.792565525,0.355280489,2017,Western Europe
2,Iceland,7.504000187,1.48063302,0.833552122,0.475540221,2017,Western Europe
3,Switzerland,7.493999958,1.564979553,0.858131289,0.290549278,2017,Western Europe
4,Finland,7.468999863,1.443571925,0.80915767,0.245482773,2017,Western Europe
5,Netherlands,7.376999855,1.503944635,0.810696125,0.47048983,2017,Western Europe
6,Canada,7.315999985,1.479204416,0.834557652,0.435539722,2017,North America and ANZ
7,New Zealand,7.31400013,1.405706048,0.816759706,0.500005126,2017,North America and ANZ
8,Sweden,7.28399992,1.494387269,0.830875158,0.385399252,2017,Western Europe
9,Australia,7.28399992,1.484414935,0.843886793,0.47769925,2017,North America and ANZ
10,Israel,7.212999821,1.375382423,0.838404,0.330082655,2017,Middle East and North Africa
11,Costa Rica,7.078999996,1.109706283,0.759509265,0.214613229,2017,Latin America and Caribbean
12,Austria,7.006000042,1.487097263,0.815328419,0.316472322,2017,Western Europe
13,United States,6.993000031,1.546259284,0.774286628,0.392578781,2017,North America and ANZ
14,Ireland,6.977000237,1.535706639,0.809782624,0.427858323,2017,Western Europe
15,Germany,6.951000214,1.487923384,0.798950732,0.33626917,2017,Western Europe
16,Belgium,6.890999794,1.463780761,0.818091869,0.231503338,2017,Western Europe
17,Luxembourg,6.862999916,1.741943598,0.845089495,0.283180982,2017,Western Europe
18,United Kingdom,6.714000225,1.44163394,0.805335939,0.492774159,2017,Western Europe
19,Chile,6.65199995,1.25278461,0.819479704,0.326662421,2017,Latin America and Caribbean
20,United Arab Emirates,6.647999763,1.626343369,0.726798236,0.360941947,2017,Middle East and North Africa
21,Brazil,6.635000229,1.10735321,0.616552353,0.162349895,2017,Latin America and Caribbean
22,Czech Republic,6.609000206,1.352682352,0.754444003,0.088106759,2017,Central and Eastern Europe
23,Argentina,6.598999977,1.185295463,0.695137084,0.109457061,2017,Latin America and Caribbean
24,Mexico,6.578000069,1.153183818,0.709978998,0.120990433,2017,Latin America and Caribbean
25,Singapore,6.572000027,1.69227767,0.949492395,0.345965981,2017,Southeast Asia
26,Malta,6.52699995,1.343279839,0.821944237,0.574730575,2017,Western Europe
27,Uruguay,6.453999996,1.217559695,0.719216824,0.175096929,2017,Latin America and Caribbean
28,Guatemala,6.453999996,0.872001946,0.54023999,0.283488393,2017,Latin America and Caribbean
29,Panama,6.452000141,1.233748436,0.706156135,0.210556939,2017,Latin America and Caribbean
30,France,6.441999912,1.430923462,0.844465852,0.129762307,2017,Western Europe
31,Thailand,6.423999786,1.127868772,0.647239029,0.57212311,2017,Southeast Asia
32,Taiwan Province of China,6.421999931,1.433626533,0.793984234,0.258360475,2017,East Asia
33,Spain,6.402999878,1.384397864,0.8889606,0.190133572,2017,Western Europe
34,Qatar,6.375,1.870765686,0.710098088,0.33047387,2017,
35,Colombia,6.356999874,1.070622325,0.595027924,0.149014473,2017,Latin America and Caribbean
36,Saudi Arabia,6.343999863,1.530623555,0.59014833,0.147616014,2017,Middle East and North Africa
37,Trinidad and Tobago,6.168000221,1.361355901,0.519983292,0.325296462,2017,
38,Kuwait,6.105000019,1.632952452,0.632105708,0.228289798,2017,Middle East and North Africa
39,Slovakia,6.09800005,1.325393558,0.712732911,0.136544481,2017,Central and Eastern Europe
40,Bahrain,6.086999893,1.488412261,0.653133035,0.172668487,2017,Middle East and North Africa
41,Malaysia,6.084000111,1.29121542,0.618784428,0.41660893,2017,Southeast Asia
42,Nicaragua,6.071000099,0.737299204,0.653095961,0.301674217,2017,Latin America and Caribbean
43,Ecuador,6.007999897,1.000820398,0.685636222,0.150112465,2017,Latin America and Caribbean
44,El Salvador,6.002999783,0.909784496,0.596018553,0.078257985,2017,Latin America and Caribbean
45,Poland,5.97300005,1.291787863,0.699475348,0.158465967,2017,Central and Eastern Europe
46,Uzbekistan,5.971000195,0.786441088,0.498272628,0.415983647,2017,Commonwealth of Independent States
47,Italy,5.964000225,1.395066619,0.853144348,0.172789648,2017,Western Europe
48,Russia,5.962999821,1.281778097,0.547349334,0.052263822,2017,Commonwealth of Independent States
49,Belize,5.955999851,0.907975316,0.450191766,0.240015641,2017,
50,Japan,5.920000076,1.416915178,0.913475871,0.120572768,2017,East Asia
51,Lithuania,5.90199995,1.314582348,0.62894994,0.010164657,2017,Central and Eastern Europe
52,Algeria,5.872000217,1.091864467,0.617584646,0.069436647,2017,Middle East and North Africa
53,Latvia,5.849999905,1.260748625,0.638566971,0.153074786,2017,Central and Eastern Europe
54,South Korea,5.837999821,1.401678443,0.900214076,0.206674367,2017,East Asia
55,Moldova,5.837999821,0.72887063,0.589465201,0.208779126,2017,Commonwealth of Independent States
56,Romania,5.824999809,1.217683911,0.685158312,0.133519918,2017,Central and Eastern Europe
57,Bolivia,5.822999954,0.833756566,0.47363025,0.225560725,2017,Latin America and Caribbean
58,Turkmenistan,5.822000027,1.130776763,0.43772608,0.249924988,2017,Commonwealth of Independent States
59,Kazakhstan,5.818999767,1.28455627,0.606041551,0.201964423,2017,Commonwealth of Independent States
60,North Cyprus,5.809999943,1.346911311,0.834647238,0.266845703,2017,Western Europe
61,Slovenia,5.757999897,1.341205955,0.790828228,0.242649093,2017,Central and Eastern Europe
62,Peru,5.715000153,1.035225272,0.630166113,0.126819715,2017,Latin America and Caribbean
63,Mauritius,5.629000187,1.189395547,0.638007462,0.360933751,2017,Sub-Saharan Africa
64,Cyprus,5.620999813,1.355938077,0.844714701,0.271254301,2017,Western Europe
65,Estonia,5.611000061,1.32087934,0.695168316,0.098890811,2017,Central and Eastern Europe
66,Belarus,5.568999767,1.15655756,0.637714267,0.155137509,2017,Commonwealth of Independent States
67,Libya,5.525000095,1.101803064,0.52016902,0.152073666,2017,Middle East and North Africa
68,Turkey,5.5,1.198274374,0.637605608,0.046693042,2017,Middle East and North Africa
69,Paraguay,5.493000031,0.932537317,0.579250693,0.224150658,2017,Latin America and Caribbean
70,"Hong Kong S.A.R., China",5.472000122,1.551674843,0.943062425,0.374465793,2017,
71,Philippines,5.429999828,0.857699215,0.468009055,0.193513423,2017,Southeast Asia
72,Serbia,5.394999981,1.069317579,0.650784671,0.220125884,2017,Central and Eastern Europe
73,Jordan,5.335999966,0.991012394,0.604590058,0.17217046,2017,Middle East and North Africa
74,Hungary,5.323999882,1.286011934,0.687763453,0.078401662,2017,Central and Eastern Europe
75,Jamaica,5.31099987,0.925579309,0.641022384,0.233818337,2017,Latin America and Caribbean
76,Croatia,5.293000221,1.222556233,0.701288521,0.248002976,2017,Central and Eastern Europe
77,Kosovo,5.278999805,0.951484382,0.54145205,0.319931448,2017,Central and Eastern Europe
78,China,5.272999763,1.081165791,0.741415501,0.028806841,2017,East Asia
79,Pakistan,5.269000053,0.726883531,0.402047783,0.315446019,2017,South Asia
80,Indonesia,5.262000084,0.995538592,0.492345721,0.611704588,2017,Southeast Asia
81,Venezuela,5.25,1.128431201,0.617144227,0.06501963,2017,Latin America and Caribbean
82,Montenegro,5.236999989,1.121129036,0.667464674,0.197911024,2017,Central and Eastern Europe
83,Morocco,5.235000134,0.878114581,0.597710669,0.032209955,2017,Middle East and North Africa
84,Azerbaijan,5.234000206,1.153601766,0.540775776,0.04526934,2017,Commonwealth of Independent States
85,Dominican Republic,5.230000019,1.079373837,0.574873745,0.18696785,2017,Latin America and Caribbean
86,Greece,5.227000237,1.289487481,0.810198903,0.0,2017,Western Europe
87,Lebanon,5.224999905,1.074987531,0.735081077,0.264450759,2017,Middle East and North Africa
88,Portugal,5.195000172,1.315175295,0.795843542,0.095102713,2017,Western Europe
89,Bosnia and Herzegovina,5.18200016,0.982409418,0.705186307,0.328867495,2017,Central and Eastern Europe
90,Honduras,5.181000233,0.730573118,0.58256948,0.236188874,2017,Latin America and Caribbean
91,Macedonia,5.175000191,1.064577937,0.644948184,0.253760964,2017,
92,Somalia,5.151000023,0.022643184,0.113989137,0.291631311,2017,
93,Vietnam,5.073999882,0.788547575,0.652168989,0.234968051,2017,Southeast Asia
94,Nigeria,5.073999882,0.783756256,0.05691573,0.230947196,2017,Sub-Saharan Africa
95,Tajikistan,5.040999889,0.524713635,0.529235125,0.248997644,2017,Commonwealth of Independent States
96,Bhutan,5.011000156,0.885416389,0.495879292,0.474054545,2017,
97,Kyrgyzstan,5.004000187,0.596220076,0.553457797,0.428580374,2017,Commonwealth of Independent States
98,Nepal,4.961999893,0.479820192,0.504130781,0.394096166,2017,South Asia
99,Mongolia,4.954999924,1.027235866,0.557783484,0.33846423,2017,East Asia
100,South Africa,4.828999996,1.054698706,0.18708007,0.13936238,2017,Sub-Saharan Africa
101,Tunisia,4.804999828,1.007265806,0.613212049,0.049693357,2017,Middle East and North Africa
102,Palestinian Territories,4.775000095,0.716249228,0.565666974,0.114173174,2017,Middle East and North Africa
103,Egypt,4.735000134,0.989701807,0.520187259,0.128631443,2017,Middle East and North Africa
104,Bulgaria,4.714000225,1.161459088,0.70821768,0.113177694,2017,Central and Eastern Europe
105,Sierra Leone,4.709000111,0.368420929,0.005564754,0.293040901,2017,Sub-Saharan Africa
106,Cameroon,4.695000172,0.564305365,0.132892117,0.236298457,2017,Sub-Saharan Africa
107,Iran,4.691999912,1.156873107,0.639333189,0.387242913,2017,Middle East and North Africa
108,Albania,4.644000053,0.996192753,0.731159747,0.201312944,2017,Central and Eastern Europe
109,Bangladesh,4.607999802,0.586682975,0.533241034,0.172255352,2017,South Asia
110,Namibia,4.573999882,0.964434326,0.338611811,0.077133745,2017,Sub-Saharan Africa
111,Kenya,4.552999973,0.560479462,0.30998835,0.444860309,2017,Sub-Saharan Africa
112,Mozambique,4.550000191,0.23430565,0.106654435,0.322228104,2017,Sub-Saharan Africa
113,Myanmar,4.545000076,0.36711055,0.397522569,0.838075161,2017,Southeast Asia
114,Senegal,4.534999847,0.479309022,0.409362853,0.183468893,2017,Sub-Saharan Africa
115,Zambia,4.513999939,0.636406779,0.257835895,0.249580145,2017,Sub-Saharan Africa
116,Iraq,4.497000217,1.102710485,0.50118047,0.199637264,2017,Middle East and North Africa
117,Gabon,4.465000153,1.198210239,0.356578588,0.043785378,2017,Sub-Saharan Africa
118,Ethiopia,4.460000038,0.339233845,0.353409708,0.31265074,2017,Sub-Saharan Africa
119,Sri Lanka,4.440000057,1.009850144,0.625130832,0.490863562,2017,South Asia
120,Armenia,4.375999928,0.900596738,0.637524426,0.083488092,2017,Commonwealth of Independent States
121,India,4.315000057,0.792221248,0.455427617,0.231538489,2017,South Asia
122,Mauritania,4.291999817,0.648457289,0.28534928,0.201870024,2017,Sub-Saharan Africa
123,Congo (Brazzaville),4.290999889,0.808964252,0.289957434,0.120852128,2017,Sub-Saharan Africa
124,Georgia,4.285999775,0.950612664,0.649546981,0.054008815,2017,Commonwealth of Independent States
125,Congo (Kinshasa),4.28000021,0.092102349,0.191407025,0.246455833,2017,
126,Mali,4.190000057,0.476180494,0.169365674,0.183354199,2017,Sub-Saharan Africa
127,Ivory Coast,4.179999828,0.603048921,0.04864217,0.20123747,2017,Sub-Saharan Africa
128,Cambodia,4.168000221,0.601765096,0.429783404,0.385922968,2017,Southeast Asia
129,Sudan,4.138999939,0.659516692,0.290920824,0.182317451,2017,
130,Ghana,4.119999886,0.667224824,0.295637727,0.256923944,2017,Sub-Saharan Africa
131,Ukraine,4.096000195,0.894651949,0.575903952,0.270061463,2017,Commonwealth of Independent States
132,Uganda,4.080999851,0.381430715,0.217632607,0.325766057,2017,Sub-Saharan Africa
133,Burkina Faso,4.032000065,0.350227714,0.215844259,0.250864685,2017,Sub-Saharan Africa
134,Niger,4.027999878,0.161925331,0.268505007,0.228673846,2017,Sub-Saharan Africa
135,Malawi,3.970000029,0.233442038,0.315089583,0.28717047,2017,Sub-Saharan Africa
136,Chad,3.936000109,0.438012987,0.041134715,0.21611385,2017,Sub-Saharan Africa
137,Zimbabwe,3.875,0.375846535,0.196763754,0.189143494,2017,Sub-Saharan Africa
138,Lesotho,3.808000088,0.521021247,0.0,0.157497272,2017,Sub-Saharan Africa
139,Angola,3.795000076,0.85842818,0.049868666,0.09792649,2017,
140,Afghanistan,3.79399991,0.401477218,0.180746779,0.311870933,2017,South Asia
141,Botswana,3.766000032,1.122094154,0.341755509,0.099348448,2017,Sub-Saharan Africa
142,Benin,3.657000065,0.431085408,0.209930211,0.207948461,2017,Sub-Saharan Africa
143,Madagascar,3.644000053,0.305808693,0.375223309,0.20873253,2017,Sub-Saharan Africa
144,Haiti,3.602999926,0.368610263,0.27732113,0.489203781,2017,Latin America and Caribbean
145,Yemen,3.592999935,0.591683447,0.310080916,0.104125209,2017,Middle East and North Africa
146,South Sudan,3.59100008,0.397248626,0.163486004,0.285670817,2017,
147,Liberia,3.532999992,0.119041793,0.229918197,0.266549885,2017,Sub-Saharan Africa
148,Guinea,3.506999969,0.24454993,0.194129139,0.264815092,2017,Sub-Saharan Africa
149,Togo,3.494999886,0.305444717,0.247105569,0.196896151,2017,Sub-Saharan Africa
150,Rwanda,3.470999956,0.368745893,0.326424807,0.252756029,2017,Sub-Saharan Africa
151,Syria,3.461999893,0.777153134,0.500533342,0.493663728,2017,
152,Tanzania,3.348999977,0.511135876,0.364509284,0.354256362,2017,Sub-Saharan Africa
153,Burundi,2.904999971,0.091622569,0.151610792,0.204435185,2017,Sub-Saharan Africa
154,Central African Republic,2.693000078,0.0,0.018772686,0.280876487,2017,
0,Finland,7.632,1.305,0.874,0.202,2018,Western Europe
1,Norway,7.594,1.456,0.861,0.286,2018,Western Europe
2,Denmark,7.555,1.351,0.868,0.284,2018,Western Europe
3,Iceland,7.495,1.343,0.914,0.353,2018,Western Europe
4,Switzerland,7.487,1.42,0.927,0.256,2018,Western Europe
5,Netherlands,7.441,1.361,0.878,0.333,2018,Western Europe
6,Canada,7.328,1.33,0.896,0.321,2018,North America and ANZ
7,New Zealand,7.324,1.268,0.876,0.365,2018,North America and ANZ
8,Sweden,7.314,1.355,0.913,0.285,2018,Western Europe
9,Australia,7.272,1.34,0.91,0.361,2018,North America and ANZ
10,United Kingdom,7.19,1.244,0.888,0.262,2018,Western Europe
11,Austria,7.139,1.341,0.891,0.242,2018,Western Europe
12,Costa Rica,7.072,1.01,0.817,0.143,2018,Latin America and Caribbean
13,Ireland,6.977,1.448,0.876,0.307,2018,Western Europe
14,Germany,6.965,1.34,0.861,0.273,2018,Western Europe
15,Belgium,6.927,1.324,0.894,0.188,2018,Western Europe
16,Luxembourg,6.91,1.576,0.896,0.196,2018,Western Europe
17,United States,6.886,1.398,0.819,0.291,2018,North America and ANZ
18,Israel,6.814,1.301,0.883,0.354,2018,Middle East and North Africa
19,United Arab Emirates,6.774,2.096,0.67,0.186,2018,Middle East and North Africa
20,Czech Republic,6.711,1.233,0.854,0.064,2018,Central and Eastern Europe
21,Malta,6.627,1.27,0.884,0.376,2018,Western Europe
22,France,6.489,1.293,0.908,0.098,2018,Western Europe
23,Mexico,6.488,1.038,0.761,0.069,2018,Latin America and Caribbean
24,Chile,6.476,1.131,0.808,0.197,2018,Latin America and Caribbean
25,Taiwan,6.441,1.365,0.857,0.151,2018,
26,Panama,6.43,1.112,0.759,0.125,2018,Latin America and Caribbean
27,Brazil,6.419,0.986,0.675,0.11,2018,Latin America and Caribbean
28,Argentina,6.388,1.073,0.744,0.062,2018,Latin America and Caribbean
29,Guatemala,6.382,0.781,0.608,0.179,2018,Latin America and Caribbean
30,Uruguay,6.379,1.093,0.771,0.13,2018,Latin America and Caribbean
31,Qatar,6.374,1.649,0.748,0.256,2018,
32,Saudi Arabia,6.371,1.379,0.633,0.098,2018,Middle East and North Africa
33,Singapore,6.343,1.529,1.008,0.261,2018,Southeast Asia
34,Malaysia,6.322,1.161,0.669,0.311,2018,Southeast Asia
35,Spain,6.31,1.251,0.965,0.142,2018,Western Europe
36,Colombia,6.26,0.96,0.635,0.099,2018,Latin America and Caribbean
37,Trinidad & Tobago,6.192,1.223,0.564,0.171,2018,
38,Slovakia,6.173,1.21,0.776,0.118,2018,Central and Eastern Europe
39,El Salvador,6.167,0.806,0.639,0.065,2018,Latin America and Caribbean
40,Nicaragua,6.141,0.668,0.7,0.208,2018,Latin America and Caribbean
41,Poland,6.123,1.176,0.781,0.108,2018,Central and Eastern Europe
42,Bahrain,6.105,1.338,0.698,0.243,2018,Middle East and North Africa
43,Uzbekistan,6.096,0.719,0.605,0.328,2018,Commonwealth of Independent States
44,Kuwait,6.083,1.474,0.675,0.167,2018,Middle East and North Africa
45,Thailand,6.072,1.016,0.707,0.364,2018,Southeast Asia
46,Italy,6.0,1.264,0.946,0.137,2018,Western Europe
47,Ecuador,5.973,0.889,0.736,0.114,2018,Latin America and Caribbean
48,Belize,5.956,0.807,0.474,0.183,2018,
49,Lithuania,5.952,1.197,0.716,0.026,2018,Central and Eastern Europe
50,Slovenia,5.948,1.219,0.856,0.16,2018,Central and Eastern Europe
51,Romania,5.945,1.116,0.726,0.088,2018,Central and Eastern Europe
52,Latvia,5.933,1.148,0.671,0.092,2018,Central and Eastern Europe
53,Japan,5.915,1.294,0.988,0.079,2018,East Asia
54,Mauritius,5.891,1.09,0.684,0.245,2018,Sub-Saharan Africa
55,Jamaica,5.89,0.819,0.693,0.096,2018,Latin America and Caribbean
56,South Korea,5.875,1.266,0.955,0.175,2018,East Asia
57,Northern Cyprus,5.835,1.229,0.909,0.179,2018,
58,Russia,5.81,1.151,0.599,0.065,2018,Commonwealth of Independent States
59,Kazakhstan,5.79,1.143,0.631,0.148,2018,Commonwealth of Independent States
60,Cyprus,5.762,1.229,0.909,0.202,2018,Western Europe
61,Bolivia,5.752,0.751,0.508,0.141,2018,Latin America and Caribbean
62,Estonia,5.739,1.2,0.737,0.086,2018,Central and Eastern Europe
63,Paraguay,5.681,0.835,0.615,0.162,2018,Latin America and Caribbean
64,Peru,5.663,0.934,0.674,0.092,2018,Latin America and Caribbean
65,Kosovo,5.662,0.855,0.578,0.274,2018,Central and Eastern Europe
66,Moldova,5.64,0.657,0.62,0.171,2018,Commonwealth of Independent States
67,Turkmenistan,5.636,1.016,0.517,0.199,2018,Commonwealth of Independent States
68,Hungary,5.62,1.171,0.732,0.061,2018,Central and Eastern Europe
69,Libya,5.566,0.985,0.553,0.116,2018,Middle East and North Africa
70,Philippines,5.524,0.775,0.513,0.12,2018,Southeast Asia
71,Honduras,5.504,0.62,0.622,0.197,2018,Latin America and Caribbean
72,Belarus,5.483,1.039,0.7,0.101,2018,Commonwealth of Independent States
73,Turkey,5.483,1.148,0.686,0.106,2018,Middle East and North Africa
74,Pakistan,5.472,0.652,0.424,0.216,2018,South Asia
75,Hong Kong,5.43,1.405,1.03,0.246,2018,
76,Portugal,5.41,1.188,0.884,0.055,2018,Western Europe
77,Serbia,5.398,0.975,0.685,0.134,2018,Central and Eastern Europe
78,Greece,5.358,1.154,0.879,0.0,2018,Western Europe
79,Lebanon,5.358,0.965,0.785,0.214,2018,Middle East and North Africa
80,Montenegro,5.347,1.017,0.729,0.111,2018,Central and Eastern Europe
81,Croatia,5.321,1.115,0.737,0.12,2018,Central and Eastern Europe
82,Dominican Republic,5.302,0.982,0.614,0.12,2018,Latin America and Caribbean
83,Algeria,5.295,0.979,0.687,0.055,2018,Middle East and North Africa
84,Morocco,5.254,0.779,0.669,0.026,2018,Middle East and North Africa
85,China,5.246,0.989,0.799,0.029,2018,East Asia
86,Azerbaijan,5.201,1.024,0.603,0.031,2018,Commonwealth of Independent States
87,Tajikistan,5.199,0.474,0.598,0.187,2018,Commonwealth of Independent States
88,Macedonia,5.185,0.959,0.691,0.173,2018,
89,Jordan,5.161,0.822,0.645,0.13,2018,Middle East and North Africa
90,Nigeria,5.155,0.689,0.048,0.201,2018,Sub-Saharan Africa
91,Kyrgyzstan,5.131,0.53,0.594,0.281,2018,Commonwealth of Independent States
92,Bosnia and Herzegovina,5.129,0.915,0.758,0.216,2018,Central and Eastern Europe
93,Mongolia,5.125,0.914,0.575,0.253,2018,East Asia
94,Vietnam,5.103,0.715,0.702,0.177,2018,Southeast Asia
95,Indonesia,5.093,0.899,0.522,0.484,2018,Southeast Asia
96,Bhutan,5.082,0.796,0.527,0.364,2018,
97,Somalia,4.982,0.0,0.115,0.238,2018,
98,Cameroon,4.975,0.535,0.182,0.183,2018,Sub-Saharan Africa
99,Bulgaria,4.933,1.054,0.712,0.064,2018,Central and Eastern Europe
100,Nepal,4.88,0.425,0.539,0.302,2018,South Asia
101,Venezuela,4.806,0.996,0.657,0.056,2018,Latin America and Caribbean
102,Gabon,4.758,1.036,0.404,0.032,2018,Sub-Saharan Africa
103,Palestinian Territories,4.743,0.642,0.602,0.086,2018,Middle East and North Africa
104,South Africa,4.724,0.94,0.33,0.103,2018,Sub-Saharan Africa
105,Iran,4.707,1.059,0.691,0.282,2018,Middle East and North Africa
106,Ivory Coast,4.671,0.541,0.08,0.146,2018,Sub-Saharan Africa
107,Ghana,4.657,0.592,0.337,0.212,2018,Sub-Saharan Africa
108,Senegal,4.631,0.429,0.433,0.138,2018,Sub-Saharan Africa
109,Laos,4.623,0.72,0.441,0.23,2018,Southeast Asia
110,Tunisia,4.592,0.9,0.69,0.04,2018,Middle East and North Africa
111,Albania,4.586,0.916,0.79,0.149,2018,Central and Eastern Europe
112,Sierra Leone,4.571,0.256,0.0,0.238,2018,Sub-Saharan Africa
113,Congo (Brazzaville),4.559,0.682,0.343,0.091,2018,Sub-Saharan Africa
114,Bangladesh,4.5,0.532,0.579,0.153,2018,South Asia
115,Sri Lanka,4.471,0.918,0.672,0.307,2018,South Asia
116,Iraq,4.456,1.01,0.536,0.148,2018,Middle East and North Africa
117,Mali,4.447,0.37,0.152,0.139,2018,Sub-Saharan Africa
118,Namibia,4.441,0.874,0.365,0.051,2018,Sub-Saharan Africa
119,Cambodia,4.433,0.549,0.457,0.256,2018,Southeast Asia
120,Burkina Faso,4.424,0.314,0.254,0.175,2018,Sub-Saharan Africa
121,Egypt,4.419,0.885,0.553,0.092,2018,Middle East and North Africa
122,Mozambique,4.417,0.198,0.173,0.206,2018,Sub-Saharan Africa
123,Kenya,4.41,0.493,0.454,0.352,2018,Sub-Saharan Africa
124,Zambia,4.377,0.562,0.295,0.221,2018,Sub-Saharan Africa
125,Mauritania,4.356,0.557,0.292,0.134,2018,Sub-Saharan Africa
126,Ethiopia,4.35,0.308,0.391,0.22,2018,Sub-Saharan Africa
127,Georgia,4.34,0.853,0.643,0.038,2018,Commonwealth of Independent States
128,Armenia,4.321,0.816,0.666,0.077,2018,Commonwealth of Independent States
129,Myanmar,4.308,0.682,0.429,0.598,2018,Southeast Asia
130,Chad,4.301,0.358,0.053,0.181,2018,Sub-Saharan Africa
131,Congo (Kinshasa),4.245,0.069,0.204,0.197,2018,
132,India,4.19,0.721,0.485,0.172,2018,South Asia
133,Niger,4.166,0.131,0.221,0.175,2018,Sub-Saharan Africa
134,Uganda,4.161,0.322,0.237,0.259,2018,Sub-Saharan Africa
135,Benin,4.141,0.378,0.24,0.163,2018,Sub-Saharan Africa
136,Sudan,4.139,0.605,0.312,0.134,2018,
137,Ukraine,4.103,0.793,0.609,0.187,2018,Commonwealth of Independent States
138,Togo,3.999,0.259,0.253,0.158,2018,Sub-Saharan Africa
139,Guinea,3.964,0.344,0.211,0.185,2018,Sub-Saharan Africa
140,Lesotho,3.808,0.472,0.079,0.116,2018,Sub-Saharan Africa
141,Angola,3.795,0.73,0.269,0.079,2018,
142,Madagascar,3.774,0.262,0.402,0.155,2018,Sub-Saharan Africa
143,Zimbabwe,3.692,0.357,0.248,0.132,2018,Sub-Saharan Africa
144,Afghanistan,3.632,0.332,0.255,0.191,2018,South Asia
145,Botswana,3.59,1.017,0.417,0.042,2018,Sub-Saharan Africa
146,Malawi,3.587,0.186,0.306,0.21,2018,Sub-Saharan Africa
147,Haiti,3.582,0.315,0.289,0.392,2018,Latin America and Caribbean
148,Liberia,3.495,0.076,0.267,0.206,2018,Sub-Saharan Africa
149,Syria,3.462,0.689,0.539,0.376,2018,
150,Rwanda,3.408,0.332,0.4,0.2,2018,Sub-Saharan Africa
151,Yemen,3.355,0.442,0.343,0.083,2018,Middle East and North Africa
152,Tanzania,3.303,0.455,0.381,0.27,2018,Sub-Saharan Africa
153,South Sudan,3.254,0.337,0.177,0.224,2018,
154,Central African Republic,3.083,0.024,0.01,0.218,2018,
155,Burundi,2.905,0.091,0.145,0.149,2018,Sub-Saharan Africa
0,Finland,7.769,1.34,0.986,0.153,2019,Western Europe
1,Denmark,7.6,1.383,0.996,0.252,2019,Western Europe
2,Norway,7.554,1.488,1.028,0.271,2019,Western Europe
3,Iceland,7.494,1.38,1.026,0.354,2019,Western Europe
4,Netherlands,7.488,1.396,0.999,0.322,2019,Western Europe
5,Switzerland,7.48,1.452,1.052,0.263,2019,Western Europe
6,Sweden,7.343,1.387,1.009,0.267,2019,Western Europe
7,New Zealand,7.307,1.303,1.026,0.33,2019,North America and ANZ
8,Canada,7.278,1.365,1.039,0.285,2019,North America and ANZ
9,Austria,7.246,1.376,1.016,0.244,2019,Western Europe
10,Australia,7.228,1.372,1.036,0.332,2019,North America and ANZ
11,Costa Rica,7.167,1.034,0.963,0.144,2019,Latin America and Caribbean
12,Israel,7.139,1.276,1.029,0.261,2019,Middle East and North Africa
13,Luxembourg,7.09,1.609,1.012,0.194,2019,Western Europe
14,United Kingdom,7.054,1.333,0.996,0.348,2019,Western Europe
15,Ireland,7.021,1.499,0.999,0.298,2019,Western Europe
16,Germany,6.985,1.373,0.987,0.261,2019,Western Europe
17,Belgium,6.923,1.356,0.986,0.16,2019,Western Europe
18,United States,6.892,1.433,0.874,0.28,2019,North America and ANZ
19,Czech Republic,6.852,1.269,0.92,0.046,2019,Central and Eastern Europe
20,United Arab Emirates,6.825,1.503,0.825,0.262,2019,Middle East and North Africa
21,Malta,6.726,1.3,0.999,0.375,2019,Western Europe
22,Mexico,6.595,1.07,0.861,0.074,2019,Latin America and Caribbean
23,France,6.592,1.324,1.045,0.111,2019,Western Europe
24,Taiwan,6.446,1.368,0.914,0.242,2019,
25,Chile,6.444,1.159,0.92,0.187,2019,Latin America and Caribbean
26,Guatemala,6.436,0.8,0.746,0.175,2019,Latin America and Caribbean
27,Saudi Arabia,6.375,1.403,0.795,0.08,2019,Middle East and North Africa
28,Qatar,6.374,1.684,0.871,0.22,2019,
29,Spain,6.354,1.286,1.062,0.153,2019,Western Europe
30,Panama,6.321,1.149,0.91,0.109,2019,Latin America and Caribbean
31,Brazil,6.3,1.004,0.802,0.099,2019,Latin America and Caribbean
32,Uruguay,6.293,1.124,0.891,0.127,2019,Latin America and Caribbean
33,Singapore,6.262,1.572,1.141,0.271,2019,Southeast Asia
34,El Salvador,6.253,0.794,0.789,0.093,2019,Latin America and Caribbean
35,Italy,6.223,1.294,1.039,0.158,2019,Western Europe
36,Bahrain,6.199,1.362,0.871,0.255,2019,Middle East and North Africa
37,Slovakia,6.198,1.246,0.881,0.121,2019,Central and Eastern Europe
38,Trinidad & Tobago,6.192,1.231,0.713,0.185,2019,
39,Poland,6.182,1.206,0.884,0.117,2019,Central and Eastern Europe
40,Uzbekistan,6.174,0.745,0.756,0.322,2019,Commonwealth of Independent States
41,Lithuania,6.149,1.238,0.818,0.043,2019,Central and Eastern Europe
42,Colombia,6.125,0.985,0.841,0.099,2019,Latin America and Caribbean
43,Slovenia,6.118,1.258,0.953,0.144,2019,Central and Eastern Europe
44,Nicaragua,6.105,0.694,0.835,0.2,2019,Latin America and Caribbean
45,Kosovo,6.1,0.882,0.758,0.262,2019,Central and Eastern Europe
46,Argentina,6.086,1.092,0.881,0.066,2019,Latin America and Caribbean
47,Romania,6.07,1.162,0.825,0.083,2019,Central and Eastern Europe
48,Cyprus,6.046,1.263,1.042,0.19,2019,Western Europe
49,Ecuador,6.028,0.912,0.868,0.126,2019,Latin America and Caribbean
50,Kuwait,6.021,1.5,0.808,0.142,2019,Middle East and North Africa
51,Thailand,6.008,1.05,0.828,0.359,2019,Southeast Asia
52,Latvia,5.94,1.187,0.812,0.075,2019,Central and Eastern Europe
53,South Korea,5.895,1.301,1.036,0.175,2019,East Asia
54,Estonia,5.893,1.237,0.874,0.103,2019,Central and Eastern Europe
55,Jamaica,5.89,0.831,0.831,0.107,2019,Latin America and Caribbean
56,Mauritius,5.888,1.12,0.798,0.215,2019,Sub-Saharan Africa
57,Japan,5.886,1.327,1.088,0.069,2019,East Asia
58,Honduras,5.86,0.642,0.828,0.246,2019,Latin America and Caribbean
59,Kazakhstan,5.809,1.173,0.729,0.146,2019,Commonwealth of Independent States
60,Bolivia,5.779,0.776,0.706,0.137,2019,Latin America and Caribbean
61,Hungary,5.758,1.201,0.828,0.081,2019,Central and Eastern Europe
62,Paraguay,5.743,0.855,0.777,0.184,2019,Latin America and Caribbean
63,Northern Cyprus,5.718,1.263,1.042,0.191,2019,
64,Peru,5.697,0.96,0.854,0.083,2019,Latin America and Caribbean
65,Portugal,5.693,1.221,0.999,0.047,2019,Western Europe
66,Pakistan,5.653,0.677,0.535,0.22,2019,South Asia
67,Russia,5.648,1.183,0.726,0.082,2019,Commonwealth of Independent States
68,Philippines,5.631,0.807,0.657,0.117,2019,Southeast Asia
69,Serbia,5.603,1.004,0.854,0.137,2019,Central and Eastern Europe
70,Moldova,5.529,0.685,0.739,0.181,2019,Commonwealth of Independent States
71,Libya,5.525,1.044,0.673,0.133,2019,Middle East and North Africa
72,Montenegro,5.523,1.051,0.871,0.142,2019,Central and Eastern Europe
73,Tajikistan,5.467,0.493,0.718,0.23,2019,Commonwealth of Independent States
74,Croatia,5.432,1.155,0.914,0.119,2019,Central and Eastern Europe
75,Hong Kong,5.43,1.438,1.122,0.258,2019,
76,Dominican Republic,5.425,1.015,0.779,0.113,2019,Latin America and Caribbean
77,Bosnia and Herzegovina,5.386,0.945,0.845,0.263,2019,Central and Eastern Europe
78,Turkey,5.373,1.183,0.808,0.083,2019,Middle East and North Africa
79,Malaysia,5.339,1.221,0.828,0.26,2019,Southeast Asia
80,Belarus,5.323,1.067,0.789,0.094,2019,Commonwealth of Independent States
81,Greece,5.287,1.181,0.999,0.0,2019,Western Europe
82,Mongolia,5.285,0.948,0.667,0.235,2019,East Asia
83,North Macedonia,5.274,0.983,0.838,0.185,2019,Central and Eastern Europe
84,Nigeria,5.265,0.696,0.245,0.215,2019,Sub-Saharan Africa
85,Kyrgyzstan,5.261,0.551,0.723,0.3,2019,Commonwealth of Independent States
86,Turkmenistan,5.247,1.052,0.657,0.244,2019,Commonwealth of Independent States
87,Algeria,5.211,1.002,0.785,0.073,2019,Middle East and North Africa
88,Morocco,5.208,0.801,0.782,0.036,2019,Middle East and North Africa
89,Azerbaijan,5.208,1.043,0.769,0.035,2019,Commonwealth of Independent States
90,Lebanon,5.197,0.987,0.815,0.166,2019,Middle East and North Africa
91,Indonesia,5.192,0.931,0.66,0.498,2019,Southeast Asia
92,China,5.191,1.029,0.893,0.058,2019,East Asia
93,Vietnam,5.175,0.741,0.851,0.147,2019,Southeast Asia
94,Bhutan,5.082,0.813,0.604,0.37,2019,
95,Cameroon,5.044,0.549,0.331,0.187,2019,Sub-Saharan Africa
96,Bulgaria,5.011,1.092,0.815,0.081,2019,Central and Eastern Europe
97,Ghana,4.996,0.611,0.486,0.245,2019,Sub-Saharan Africa
98,Ivory Coast,4.944,0.569,0.232,0.154,2019,Sub-Saharan Africa
99,Nepal,4.913,0.446,0.677,0.285,2019,South Asia
100,Jordan,4.906,0.837,0.815,0.11,2019,Middle East and North Africa
101,Benin,4.883,0.393,0.397,0.175,2019,Sub-Saharan Africa
102,Congo (Brazzaville),4.812,0.673,0.508,0.105,2019,Sub-Saharan Africa
103,Gabon,4.799,1.057,0.571,0.043,2019,Sub-Saharan Africa
104,Laos,4.796,0.764,0.551,0.266,2019,Southeast Asia
105,South Africa,4.722,0.96,0.469,0.13,2019,Sub-Saharan Africa
106,Albania,4.719,0.947,0.874,0.178,2019,Central and Eastern Europe
107,Venezuela,4.707,0.96,0.805,0.064,2019,Latin America and Caribbean
108,Cambodia,4.7,0.574,0.637,0.232,2019,Southeast Asia
109,Palestinian Territories,4.696,0.657,0.672,0.103,2019,Middle East and North Africa
110,Senegal,4.681,0.45,0.571,0.153,2019,Sub-Saharan Africa
111,Somalia,4.668,0.0,0.268,0.243,2019,
112,Namibia,4.639,0.879,0.477,0.07,2019,Sub-Saharan Africa
113,Niger,4.628,0.138,0.366,0.188,2019,Sub-Saharan Africa
114,Burkina Faso,4.587,0.331,0.38,0.177,2019,Sub-Saharan Africa
115,Armenia,4.559,0.85,0.815,0.095,2019,Commonwealth of Independent States
116,Iran,4.548,1.1,0.785,0.27,2019,Middle East and North Africa
117,Guinea,4.534,0.38,0.375,0.207,2019,Sub-Saharan Africa
118,Georgia,4.519,0.886,0.752,0.043,2019,Commonwealth of Independent States
119,Gambia,4.516,0.308,0.428,0.269,2019,Sub-Saharan Africa
120,Kenya,4.509,0.512,0.581,0.372,2019,Sub-Saharan Africa
121,Mauritania,4.49,0.57,0.489,0.106,2019,Sub-Saharan Africa
122,Mozambique,4.466,0.204,0.39,0.197,2019,Sub-Saharan Africa
123,Tunisia,4.461,0.921,0.815,0.059,2019,Middle East and North Africa
124,Bangladesh,4.456,0.562,0.723,0.166,2019,South Asia
125,Iraq,4.437,1.043,0.574,0.148,2019,Middle East and North Africa
126,Congo (Kinshasa),4.418,0.094,0.357,0.212,2019,
127,Mali,4.39,0.385,0.308,0.153,2019,Sub-Saharan Africa
128,Sierra Leone,4.374,0.268,0.242,0.252,2019,Sub-Saharan Africa
129,Sri Lanka,4.366,0.949,0.831,0.244,2019,South Asia
130,Myanmar,4.36,0.71,0.555,0.566,2019,Southeast Asia
131,Chad,4.35,0.35,0.192,0.198,2019,Sub-Saharan Africa
132,Ukraine,4.332,0.82,0.739,0.187,2019,Commonwealth of Independent States
133,Ethiopia,4.286,0.336,0.532,0.209,2019,Sub-Saharan Africa
134,Swaziland,4.212,0.811,0.0,0.074,2019,Sub-Saharan Africa
135,Uganda,4.189,0.332,0.443,0.252,2019,Sub-Saharan Africa
136,Egypt,4.166,0.913,0.644,0.076,2019,Middle East and North Africa
137,Zambia,4.107,0.578,0.426,0.247,2019,Sub-Saharan Africa
138,Togo,4.085,0.275,0.41,0.177,2019,Sub-Saharan Africa
139,India,4.015,0.755,0.588,0.2,2019,South Asia
140,Liberia,3.975,0.073,0.443,0.233,2019,Sub-Saharan Africa
141,Comoros,3.973,0.274,0.505,0.275,2019,Sub-Saharan Africa
142,Madagascar,3.933,0.274,0.555,0.169,2019,Sub-Saharan Africa
143,Lesotho,3.802,0.489,0.168,0.107,2019,Sub-Saharan Africa
144,Burundi,3.775,0.046,0.38,0.176,2019,Sub-Saharan Africa
145,Zimbabwe,3.663,0.366,0.433,0.151,2019,Sub-Saharan Africa
146,Haiti,3.597,0.323,0.449,0.419,2019,Latin America and Caribbean
147,Botswana,3.488,1.041,0.538,0.025,2019,Sub-Saharan Africa
148,Syria,3.462,0.619,0.44,0.331,2019,
149,Malawi,3.41,0.191,0.495,0.218,2019,Sub-Saharan Africa
150,Yemen,3.38,0.287,0.463,0.108,2019,Middle East and North Africa
151,Rwanda,3.334,0.359,0.614,0.217,2019,Sub-Saharan Africa
152,Tanzania,3.231,0.476,0.499,0.276,2019,Sub-Saharan Africa
153,Afghanistan,3.203,0.35,0.361,0.158,2019,South Asia
154,Central African Republic,3.083,0.026,0.105,0.235,2019,
155,South Sudan,2.853,0.306,0.295,0.202,2019,
0,Finland,7.808700085,10.63926697,71.9008255,-0.059482019,2020,Western Europe
1,Denmark,7.645599842,10.77400112,72.40250397,0.066201776,2020,Western Europe
2,Switzerland,7.559899807,10.97993279,74.10244751,0.105911039,2020,Western Europe
3,Iceland,7.504499912,10.77255917,73.0,0.246944219,2020,Western Europe
4,Norway,7.487999916,11.08780384,73.20078278,0.13453263,2020,Western Europe
5,Netherlands,7.448900223,10.81271172,72.30091858,0.20761244,2020,Western Europe
6,Sweden,7.353499889,10.75879383,72.60076904,0.111614622,2020,Western Europe
7,New Zealand,7.299600124,10.50094318,73.20262909,0.191598073,2020,North America and ANZ
8,Austria,7.294199944,10.7428236,73.00250244,0.085429221,2020,Western Europe
9,Luxembourg,7.237500191,11.45068073,72.59999847,-0.004620588,2020,Western Europe
10,Canada,7.23210001,10.69236851,73.60160065,0.124770768,2020,North America and ANZ
11,Australia,7.222799778,10.72059631,73.60453796,0.19046016,2020,North America and ANZ
12,United Kingdom,7.164500237,10.60013485,72.30160522,0.263732493,2020,Western Europe
13,Israel,7.128600121,10.41752529,73.20025635,0.10259372,2020,Middle East and North Africa
14,Costa Rica,7.121399879,9.658156395,71.29985046,-0.10242971,2020,Latin America and Caribbean
15,Ireland,7.093699932,11.16097832,72.30078888,0.145784974,2020,Western Europe
16,Germany,7.075799942,10.7328186,72.20201874,0.080179386,2020,Western Europe
17,United States,6.939599991,10.92576885,68.29949951,0.149891734,2020,North America and ANZ
18,Czech Republic,6.910900116,10.40416336,70.04793549,-0.230861515,2020,Central and Eastern Europe
19,Belgium,6.863500118,10.6736393,72.00164795,-0.078691199,2020,Western Europe
20,United Arab Emirates,6.790800095,11.1099987,67.08278656,0.123450845,2020,Middle East and North Africa
21,Malta,6.772799969,10.53383827,72.19999695,0.214965805,2020,Western Europe
22,France,6.663799763,10.58422279,73.80193329,-0.130641967,2020,Western Europe
23,Mexico,6.465000153,9.797797203,68.29902649,-0.175266623,2020,Latin America and Caribbean
24,Taiwan Province of China,6.45539999,10.77568531,69.59999847,-0.073198698,2020,East Asia
25,Uruguay,6.440100193,9.948192596,69.00254822,-0.101103112,2020,Latin America and Caribbean
26,Saudi Arabia,6.406499863,10.79781246,66.30514526,-0.168695062,2020,Middle East and North Africa
27,Spain,6.400899887,10.46292686,74.40270996,-0.050961714,2020,Western Europe
28,Guatemala,6.398900032,8.924805641,64.8089447,-0.042938665,2020,Latin America and Caribbean
29,Italy,6.38740015,10.48183632,73.60168457,-0.043460999,2020,Western Europe
30,Singapore,6.377099991,11.39552116,76.80458069,0.029879224,2020,Southeast Asia
31,Brazil,6.375599861,9.56643486,66.48016357,-0.101812392,2020,Latin America and Caribbean
32,Slovenia,6.363399982,10.39232254,71.1029892,-0.080603383,2020,Central and Eastern Europe
33,El Salvador,6.34829998,8.909075737,66.10826111,-0.121072978,2020,Latin America and Caribbean
34,Kosovo,6.325200081,9.204429626,63.88555527,0.190933764,2020,Central and Eastern Europe
35,Panama,6.304800034,10.03423405,69.60301208,-0.153927714,2020,Latin America and Caribbean
36,Slovakia,6.280600071,10.34774971,68.90634155,-0.124409303,2020,Central and Eastern Europe
37,Uzbekistan,6.257599831,8.740371704,65.10757446,0.248427153,2020,Commonwealth of Independent States
38,Chile,6.228499889,10.0320549,69.90061951,-0.065668367,2020,Latin America and Caribbean
39,Bahrain,6.227300167,10.67638016,68.5,0.13372919,2020,Middle East and North Africa
40,Lithuania,6.215499878,10.34362602,67.29407501,-0.219725296,2020,Central and Eastern Europe
41,Trinidad and Tobago,6.191899776,10.26000214,63.5,0.000526841,2020,
42,Poland,6.186299801,10.26512432,69.31113434,-0.205084071,2020,Central and Eastern Europe
43,Colombia,6.163400173,9.500369072,67.69958496,-0.161235645,2020,Latin America and Caribbean
44,Cyprus,6.15899992,10.40570259,73.70222473,0.043731496,2020,Western Europe
45,Nicaragua,6.13710022,8.493160248,67.50717926,0.020959141,2020,Latin America and Caribbean
46,Romania,6.123700142,10.107584,67.20723724,-0.19781521,2020,Central and Eastern Europe
47,Kuwait,6.102099895,11.08982468,66.76764679,-0.100184701,2020,Middle East and North Africa
48,Mauritius,6.101299763,9.956786156,66.40434265,-0.018318573,2020,Sub-Saharan Africa
49,Kazakhstan,6.057899952,10.11465836,64.60996246,-0.068488635,2020,Commonwealth of Independent States
50,Estonia,6.021800041,10.34001732,68.60495758,-0.111697771,2020,Central and Eastern Europe
51,Philippines,6.006000042,8.993545532,61.92676163,-0.105463006,2020,Southeast Asia
52,Hungary,6.000400066,10.24924374,67.60997009,-0.194323018,2020,Central and Eastern Europe
53,Thailand,5.998799801,9.741791725,67.25059509,0.268685192,2020,Southeast Asia
54,Argentina,5.974699974,9.810955048,68.80380249,-0.194913864,2020,Latin America and Caribbean
55,Honduras,5.953199863,8.424534798,67.19876862,0.086969115,2020,Latin America and Caribbean
56,Latvia,5.949999809,10.17531967,66.8074646,-0.186888844,2020,Central and Eastern Europe
57,Ecuador,5.925199986,9.246058464,68.50003815,-0.127014965,2020,Latin America and Caribbean
58,Portugal,5.910900116,10.26374245,72.40202332,-0.220714301,2020,Western Europe
59,Jamaica,5.889800072,9.006250381,67.09999847,-0.125106767,2020,Latin America and Caribbean
60,South Korea,5.872399807,10.51056671,73.6027298,-0.043404032,2020,East Asia
61,Japan,5.870800018,10.57968903,75.00096893,-0.246910349,2020,East Asia
62,Peru,5.796800137,9.456313133,68.10023499,-0.16238822,2020,Latin America and Caribbean
63,Serbia,5.77820015,9.680980682,68.21020508,-0.073676221,2020,Central and Eastern Europe
64,Bolivia,5.747499943,8.851115227,63.6004715,-0.09168113,2020,Latin America and Caribbean
65,Pakistan,5.69329977,8.482727051,58.25313568,0.04489987,2020,South Asia
66,Paraguay,5.692100048,9.389982224,65.63993835,0.007997713,2020,Latin America and Caribbean
67,Dominican Republic,5.689199924,9.664880753,65.80748749,-0.131263286,2020,Latin America and Caribbean
68,Bosnia and Herzegovina,5.674099922,9.455817223,67.80813599,0.098274559,2020,Central and Eastern Europe
69,Moldova,5.607500076,8.776714325,65.01301575,-0.037741039,2020,Commonwealth of Independent States
70,Tajikistan,5.555699825,8.024810791,64.10459137,-0.025088511,2020,Commonwealth of Independent States
71,Montenegro,5.54610014,9.751860619,68.50534821,-0.075600356,2020,Central and Eastern Europe
72,Russia,5.546000004,10.12887192,64.10045624,-0.151153743,2020,Commonwealth of Independent States
73,Kyrgyzstan,5.541500092,8.148405075,64.10601044,0.154772058,2020,Commonwealth of Independent States
74,Belarus,5.539899826,9.779945374,66.10433197,-0.164926544,2020,Commonwealth of Independent States
75,North Cyprus,5.53550005,10.40570259,73.70222473,0.000227159,2020,Western Europe
76,Greece,5.514999866,10.13232613,72.40525818,-0.300907373,2020,Western Europe
77,Hong Kong S.A.R. of China,5.510399818,10.9346714,76.77170563,0.134979904,2020,East Asia
78,Croatia,5.504700184,10.07087517,70.21490479,-0.128538325,2020,Central and Eastern Europe
79,Libya,5.488800049,9.789815903,62.29999924,-0.085054487,2020,Middle East and North Africa
80,Mongolia,5.456200123,9.412186623,62.30448532,0.098093867,2020,East Asia
81,Malaysia,5.384300232,10.26251888,67.10215759,0.114726797,2020,Southeast Asia
82,Vietnam,5.353499889,8.809545517,67.9527359,-0.094533332,2020,Southeast Asia
83,Indonesia,5.285600185,9.36975193,62.15584946,0.519586504,2020,Southeast Asia
84,Ivory Coast,5.233300209,8.225561142,49.50377274,-0.043991156,2020,Sub-Saharan Africa
85,Benin,5.21600008,7.674319744,54.31246567,-0.003537213,2020,Sub-Saharan Africa
86,Maldives,5.197599888,9.518632889,70.59999847,0.038085498,2020,South Asia
87,Congo (Brazzaville),5.194399834,8.536987305,57.92448044,-0.123674095,2020,Sub-Saharan Africa
88,Azerbaijan,5.164800167,9.687726974,65.50839996,-0.240255281,2020,Commonwealth of Independent States
89,Macedonia,5.159800053,9.510591507,67.50442505,-0.019877451,2020,
90,Ghana,5.147999763,8.350645065,57.20398712,0.094170853,2020,Sub-Saharan Africa
91,Nepal,5.137199879,7.925357342,63.77917862,0.154168829,2020,South Asia
92,Turkey,5.131800175,10.12941933,66.90281677,-0.171046436,2020,Middle East and North Africa
93,China,5.123899937,9.688568115,69.2891922,-0.18142575,2020,East Asia
94,Turkmenistan,5.119100094,9.74803257,62.21170807,0.187671542,2020,Commonwealth of Independent States
95,Bulgaria,5.101500034,9.869318962,66.80397797,-0.143908441,2020,Central and Eastern Europe
96,Morocco,5.094799995,8.940313339,65.89624023,-0.240377247,2020,Middle East and North Africa
97,Cameroon,5.084899902,8.118647575,52.7049408,-0.00149645,2020,Sub-Saharan Africa
98,Venezuela,5.053199768,8.977793694,66.50534058,-0.169090509,2020,Latin America and Caribbean
99,Algeria,5.005099773,9.537964821,65.90517426,-0.121105164,2020,Middle East and North Africa
100,Senegal,4.980800152,8.118982315,59.59915161,-0.052335154,2020,Sub-Saharan Africa
101,Guinea,4.949299812,7.750990391,54.46780014,0.076328471,2020,Sub-Saharan Africa
102,Niger,4.909599781,6.842166901,53.50009537,0.013860817,2020,Sub-Saharan Africa
103,Laos,4.888599873,8.79858017,58.70992279,0.11137148,2020,Southeast Asia
104,Albania,4.882699966,9.417930603,68.70813751,-0.042309489,2020,Central and Eastern Europe
105,Cambodia,4.848400116,8.249890327,61.52996826,0.051911179,2020,Southeast Asia
106,Bangladesh,4.832799911,8.287063599,64.50306702,-0.033664726,2020,South Asia
107,Gabon,4.829299927,9.680537224,59.71533966,-0.222261623,2020,Sub-Saharan Africa
108,South Africa,4.814099789,9.403370857,56.50601196,-0.109777324,2020,Sub-Saharan Africa
109,Iraq,4.784800053,9.661095619,59.90354919,-0.06956476,2020,Middle East and North Africa
110,Lebanon,4.771500111,9.3617239,67.10658264,-0.06121527,2020,Middle East and North Africa
111,Burkina Faso,4.768700123,7.46854496,53.88945389,-0.019080516,2020,Sub-Saharan Africa
112,Gambia,4.750599861,7.321814537,55.0120163,0.343198717,2020,Sub-Saharan Africa
113,Mali,4.729300022,7.629852295,51.72698212,-0.044366926,2020,Sub-Saharan Africa
114,Nigeria,4.724100113,8.57662487,49.86190796,0.033745807,2020,Sub-Saharan Africa
115,Armenia,4.676799774,9.100476265,66.75065613,-0.13877961,2020,Commonwealth of Independent States
116,Georgia,4.672599792,9.226100922,64.49520874,-0.22892037,2020,Commonwealth of Independent States
117,Iran,4.672399998,9.813719749,66.00614929,0.117891103,2020,Middle East and North Africa
118,Jordan,4.633399963,9.025999069,66.79975128,-0.162565202,2020,Middle East and North Africa
119,Mozambique,4.623600006,7.069345951,54.20582199,0.032375868,2020,Sub-Saharan Africa
120,Kenya,4.583000183,8.02977562,60.09693146,0.294681519,2020,Sub-Saharan Africa
121,Namibia,4.571100235,9.203141212,56.50148773,-0.18530646,2020,Sub-Saharan Africa
122,Ukraine,4.56069994,9.010690689,64.60678101,-0.030933706,2020,Commonwealth of Independent States
123,Liberia,4.557899952,7.054380417,56.09631348,0.04227322,2020,Sub-Saharan Africa
124,Palestinian Territories,4.552800179,8.389223099,62.25,-0.162079096,2020,Middle East and North Africa
125,Uganda,4.43200016,7.500389576,55.70820236,0.099487431,2020,Sub-Saharan Africa
126,Chad,4.422699928,7.467963696,48.22053909,0.017834719,2020,Sub-Saharan Africa
127,Tunisia,4.392199993,9.314972878,66.89785767,-0.216413811,2020,Middle East and North Africa
128,Mauritania,4.374599934,8.233919144,57.01017761,-0.106008142,2020,Sub-Saharan Africa
129,Sri Lanka,4.327000141,9.389969826,67.20006561,0.081129618,2020,South Asia
130,Congo (Kinshasa),4.31099987,6.694256306,52.90000153,0.083637655,2020,
131,Swaziland,4.308100224,9.16267395,51.18823624,-0.19920142,2020,Sub-Saharan Africa
132,Myanmar,4.308000088,8.680481911,58.96171188,0.560663998,2020,Southeast Asia
133,Comoros,4.288599968,7.833630085,57.34901047,0.090008408,2020,Sub-Saharan Africa
134,Togo,4.187200069,7.357711315,54.71989822,0.002667875,2020,Sub-Saharan Africa
135,Ethiopia,4.186200142,7.509385586,58.63959122,0.043377332,2020,Sub-Saharan Africa
136,Madagascar,4.165599823,7.281685829,59.10542679,-0.011823639,2020,Sub-Saharan Africa
137,Egypt,4.151400089,9.316541672,61.78015137,-0.196878314,2020,Middle East and North Africa
138,Sierra Leone,3.926399946,7.26880312,50.86514282,0.088660747,2020,Sub-Saharan Africa
139,Burundi,3.775300026,6.492642403,53.40000153,-0.017551597,2020,Sub-Saharan Africa
140,Zambia,3.759399891,8.224720001,55.29937744,0.078037128,2020,Sub-Saharan Africa
141,Haiti,3.720799923,7.411329269,55.59862518,0.40053457,2020,Latin America and Caribbean
142,Lesotho,3.652800083,7.960488319,48.00362396,-0.145732045,2020,Sub-Saharan Africa
143,India,3.573299885,8.849823952,60.21518707,0.057551607,2020,South Asia
144,Malawi,3.538000107,7.062226295,57.59288788,0.021433279,2020,Sub-Saharan Africa
145,Yemen,3.527400017,7.759682655,56.72728348,-0.157735437,2020,Middle East and North Africa
146,Botswana,3.478899956,9.711203575,58.92445374,-0.250394493,2020,Sub-Saharan Africa
147,Tanzania,3.476200104,7.967665195,57.49607468,0.109668687,2020,Sub-Saharan Africa
148,Central African Republic,3.475899935,6.625160217,45.20000076,0.082410358,2020,
149,Rwanda,3.312299967,7.600104332,61.09884644,0.055483952,2020,Sub-Saharan Africa
150,Zimbabwe,3.299200058,7.865711689,55.61725998,-0.072063953,2020,Sub-Saharan Africa
151,South Sudan,2.816600084,7.425359726,51.0,0.016518548,2020,
152,Afghanistan,2.566900015,7.462860584,52.59000015,-0.0964294,2020,South Asia
